Channel Url,Channel Title
http://www.youtube.com/channel/UC-4HMv1j00QTebcFg4mV2DQ,Paul Barton
http://www.youtube.com/channel/UC-8DZ-sTOoohhzndLNl4w1A,astrovlog
http://www.youtube.com/channel/UC-8UfJQgsfHjTNxdpN52DSQ,Natalia Vidier
http://www.youtube.com/channel/UC-9Xt9VR4Y7mPl6lGp-gojA,FIM EWC
http://www.youtube.com/channel/UC-CzcI6PYqdjD-rOhbstIqg,Estudia el teórico
http://www.youtube.com/channel/UC-EQuKEKWcAsXZeXduQCASQ,Nirmalight Sanddesh
http://www.youtube.com/channel/UC-GeBX8ZDZnwL-tKuymWewg,NAOV
http://www.youtube.com/channel/UC-M8TJCgpun5of9S9LsVLsQ,MOTOS CHINAS punto CDI
http://www.youtube.com/channel/UC-P5wGpW529FNfnQxJvCXEg,Dindigul Food Court
http://www.youtube.com/channel/UC-Pk-TTaSrDOjkPKQ7C8HXQ,Skate IQ
http://www.youtube.com/channel/UC-QSR-kjo5d28JIzp89Xf8g,FortNine en Español
http://www.youtube.com/channel/UC-SmvXYN6TTW9KEtCw5M27g,Airsoftitaca
http://www.youtube.com/channel/UC-VPSQdVNJyI1afN27L9Jgw,UFO SECTION 51
http://www.youtube.com/channel/UC-XQD7rFBOVujM4KXbDrraw,Average White Band
http://www.youtube.com/channel/UC-XbkodADFxOT1yYE44CI6w,GoodPlanet
http://www.youtube.com/channel/UC-YobggyIsJweEvw-87dJVw,l4a9z4
http://www.youtube.com/channel/UC-auZz-ZrtvK4PXYy5AMtxA,sebastian vittel
http://www.youtube.com/channel/UC-cLXV_UA6EnqfjbpNoGaIw,Planet Doc
http://www.youtube.com/channel/UC-dMAXLc8dT5moG2YSFGw9A,Lakshmi Bose
http://www.youtube.com/channel/UC-e4B6ZM0343Yml6lrK7oyg,Ministerio Septimo Milenio
http://www.youtube.com/channel/UC-eZBiC67BMo8rTQZzC8-Mg,Iván de Federal Plumbing
http://www.youtube.com/channel/UC-g6IEU-QOcHoIKbdJXcB9g,JR Hobbs
http://www.youtube.com/channel/UC-hREIAl81V4_vhfyCGFLzA,Josean MG
http://www.youtube.com/channel/UC-i7kEDbPfNo4qmHkBL90UQ,Best Pixel Repair
http://www.youtube.com/channel/UC-m0_hGQ9P8o8_cWHoacScg,Los Gandules
http://www.youtube.com/channel/UC-mGhcKk7BtIA8fe-PfBzuQ,Buttery Films
http://www.youtube.com/channel/UC-nZSmVyqbbRHwK6VBXxN2A,Conocimiento Ancestral
http://www.youtube.com/channel/UC-pAa-ahMYrLwctkV7tsp0w,Antonio Maestro
http://www.youtube.com/channel/UC-pa_nxZ7-ti48Cf8DBooLA,Alchemy
http://www.youtube.com/channel/UC-smeLB9AnOTeypr1YyjJ3A,ARTE Concert
http://www.youtube.com/channel/UC-tPjU6UUM_S9nxok4_KExw,รถบ้านบ้าน Official
http://www.youtube.com/channel/UC-uE_SIII3pIGQFns9Maygg,Markus Stark
http://www.youtube.com/channel/UC-vQ0o1-FxwJAJGOgGu0bBQ,Drum Channel
http://www.youtube.com/channel/UC-wTvNazsjkiOyqF2b_5VOg,Camden Stewart
http://www.youtube.com/channel/UC-xR2y2wtJX5OX6scfQdEMQ,ADAM RAGA
http://www.youtube.com/channel/UC-yHapH6mW1ceZ_5PDUf1_g,GTWorld
http://www.youtube.com/channel/UC-zK3cJdazy01AKTu8g_amg,Neue Horizonte
http://www.youtube.com/channel/UC-zx3tEi3t7JYCeR09f7Tpw,Technical chahal 1M
http://www.youtube.com/channel/UC0-bIGKsCl9aTXMSaRnq9-Q,Nirmal Gyan Program
http://www.youtube.com/channel/UC02-B1pxlhBBgaLI77qqmeA,Woodworking Craftsman
http://www.youtube.com/channel/UC06hapPRdbPD2XXnbxNwwag,Editorial Sirio
http://www.youtube.com/channel/UC0CV1qElTaD4bl-jm5xBKRQ,Dani Díaz
http://www.youtube.com/channel/UC0GidNYiY_s-OPEGB32JFUw,Akra Jazz Festival
http://www.youtube.com/channel/UC0QylGKU90BKVgq6ujQL0_g,Dominic Flynn
http://www.youtube.com/channel/UC0S1esb_U7rKNF9PbsOdLGw,funnybff
http://www.youtube.com/channel/UC0Tm1HEh5dShjAbZsA7kPbQ,jeremias romero
http://www.youtube.com/channel/UC0Wg1TUmlxj6ihalJPxHyqg,Angelatedo
http://www.youtube.com/channel/UC0_CSKUIVVFlfocgezQEBDg,Eric Dubay
http://www.youtube.com/channel/UC0aa99ACWpxEu1kUvjJYjCA,Kate Hacks
http://www.youtube.com/channel/UC0eYrD6sRoLBvq_c4Jri-0A,Mammoth Bikes
http://www.youtube.com/channel/UC0fcnCzeRithSR-JeRAs7bA,Clínica Dr. Vega
http://www.youtube.com/channel/UC0jiNufsOcA5pDjikYlSTxA,HERMANOS BAREA 2
http://www.youtube.com/channel/UC0lfD4_8oC4VgQMMuFasylA,Mohd izierizal Japar
http://www.youtube.com/channel/UC0mJA1lqKjB4Qaaa2PNf0zg,Red Bull Motorsports
http://www.youtube.com/channel/UC0njhpkfdhsh_svSBIVGqMQ,VideoTeKa
http://www.youtube.com/channel/UC0ntBMtAa1ecIP3Yu5lktCg,Best Just For Laughs Gags
http://www.youtube.com/channel/UC0ozbDyltrIMr3m8j9c-vcg,Hondakiller2
http://www.youtube.com/channel/UC0pUPKvpzba_Hi3I-6gHxBQ,Miguel Noche
http://www.youtube.com/channel/UC0sRFf9xyBHgb3_G0ZYPnLQ,Gates Wildlife Control
http://www.youtube.com/channel/UC0t8j4-KYZ_u8FIe8FAkC1A,JARO Medien  
http://www.youtube.com/channel/UC0vUzMcju3UhoN0Vs8hnIJg,Dan Posen
http://www.youtube.com/channel/UC0vn8ISa4LKMunLbzaXLnOQ,GBNews
http://www.youtube.com/channel/UC0xhaPQ8dbeSH7M_HdtX02w,Habil Sagar
http://www.youtube.com/channel/UC0yFbYmWHJT-6vSEne1XGdw,RAPALJE Celtic Folk Music
http://www.youtube.com/channel/UC161MHoBdelWj1ppgUNABAA,Luke Spud
http://www.youtube.com/channel/UC16qAvKjeSXaNU0FksNxH8w,jazzhole13
http://www.youtube.com/channel/UC19elIm-yailRBWpJGSqdHg,Magistrado Anticorrupción TV
http://www.youtube.com/channel/UC19jWo_U4oze5vzrAS3uW-A,Liu Suria
http://www.youtube.com/channel/UC1DL0kptkWhQdOd3DQFpjKg,Taller de Músics
http://www.youtube.com/channel/UC1DiSJ7Hyb9WaBbyIIPNHwg,Source of Divine Love
http://www.youtube.com/channel/UC1K4AhffR5z_zS7XUeRUEMg,El Garito del Jazz
http://www.youtube.com/channel/UC1KOOWHthbQVXH2kZue3_xA,EVNautilus
http://www.youtube.com/channel/UC1LLY0-2o9oE-dcPmQbDcDg,Gonzalo Ré
http://www.youtube.com/channel/UC1VLQPn9cYSqx8plbk9RxxQ,The Action Lab
http://www.youtube.com/channel/UC1W8ShdwtfgjRHdbl1Lctcw,NASS
http://www.youtube.com/channel/UC1XAbIlGFoXKEa8sLqqykkw,SahajaYogaTV
http://www.youtube.com/channel/UC1YiUYJZqra5s3ti5XktjuQ,Mega Arqueología
http://www.youtube.com/channel/UC1ZRy6KCEmSQtJ8SeM0ckjA,FLAT OUT TRUTH (Terry R Eicher)
http://www.youtube.com/channel/UC1ZzIL0Iu2jRXX3iwY2UYCA,Sharad Maholay
http://www.youtube.com/channel/UC1bpWi5e8dVg33QEJ4v_LSQ,JuanraKalinga
http://www.youtube.com/channel/UC1bpijD0RHo2thAWaMrNhUg,IPP Formación para la vida real
http://www.youtube.com/channel/UC1cZk4lbS6FhhZwdcd_nPdg,Beltaine - Topic
http://www.youtube.com/channel/UC1e95GL3rJo_BKS_iU7cJLg,CRÓNICAS DE LO INSÓLITO
http://www.youtube.com/channel/UC1fIyfhQtm1fSljyKBf2uKA,PinkPanthersShow
http://www.youtube.com/channel/UC1isQqddK6I4FhyLEy8drGA,Joan Pau Cumellas
http://www.youtube.com/channel/UC1oOoBASMrTyUBSltYcx0jA,Clash Of Minds
http://www.youtube.com/channel/UC1pzs2X-bN2wwW1o_K8nBVg,Ingeniería Inversa TV
http://www.youtube.com/channel/UC1qC39KQoTG6LqgL_YnjSSQ,Glove and Boots
http://www.youtube.com/channel/UC1qo7-5KUTfZZkeIlgfmsQg,TutorialesNecesarios
http://www.youtube.com/channel/UC1szFCBUWXY3ESff8dJjjzw,Loi Liang Yang
http://www.youtube.com/channel/UC1uglviI9o40gJT_TeIF69g,Catweazle
http://www.youtube.com/channel/UC1v2i_JpZaRkg250z28YogA,Luis Benito
http://www.youtube.com/channel/UC1vhjbjlIHioY00SpVWqxxQ,Elchicotriste doppelgänger
http://www.youtube.com/channel/UC1yMtAUS7m5xHJJS7hXulFQ,Tabla Lover
http://www.youtube.com/channel/UC1z9rlT2gYAs0NI-Tjf8AQA,Zandri Shop
http://www.youtube.com/channel/UC1zZE_kJ8rQHgLTVfobLi_g,TKOR
http://www.youtube.com/channel/UC22H8AEoJscxJOwqAwt11jA,Sebas Estuvo AquÍ
http://www.youtube.com/channel/UC22go5LdQEw-iDuxFb4C0hw,SBS TV동물농장x애니멀봐
http://www.youtube.com/channel/UC23OMNvG6_5hiPBasJuElpw,Carpintero Del Desierto
http://www.youtube.com/channel/UC23Yno6Z4knOnvi9Gg7G-lw,COCOLOSTUDIO
http://www.youtube.com/channel/UC25bqOksVyD-SfdAToam-Bg,Dolph C. Volker
http://www.youtube.com/channel/UC295-Dw_tDNtZXFeAPAW6Aw,5-Minute Crafts
http://www.youtube.com/channel/UC2DYgIvEPSpxJzoqkBXsaeA,Zohar ANCIENT HISTORY
http://www.youtube.com/channel/UC2EnI_I2_SDpT_WYXEslUiw,Academatica
http://www.youtube.com/channel/UC2MGuhIaOP6YLpUx106kTQw,World Climbing
http://www.youtube.com/channel/UC2QdoBiXC5QPviwktEgWdrA,ScootMania
http://www.youtube.com/channel/UC2SMpy2oZV6BoyJEYShw9bw,TA Outdoors
http://www.youtube.com/channel/UC2Th9fjegtGqBQ7UMXTDWuQ,SLS
http://www.youtube.com/channel/UC2UlzRXg_Co_ZJFEbiC49QA,気まぐれ旅の記録
http://www.youtube.com/channel/UC2VnT9I3WtX2ogZnhjyRzGA,Mis recetas marroqui
http://www.youtube.com/channel/UC2Vr5tlVtYMm46jMU9vjoyA,A Tribe Called Quest
http://www.youtube.com/channel/UC2YBA9mMeYxs1jbm3LO5nww,Divine Sahajayoga
http://www.youtube.com/channel/UC2_z4Qr89l510_kajfPE-iA,kiwilimón
http://www.youtube.com/channel/UC2aFQcGgRoVuEWfx2AM0H-A,the Truth is stranger than fiction...
http://www.youtube.com/channel/UC2eTX3jDug-6fUt89uWaPCQ,The Stickmen Project
http://www.youtube.com/channel/UC2iaHJz77TsHkM7lAgtnbtA,power 108
http://www.youtube.com/channel/UC2k0qSz_zIdxEziEXvPqwgQ,Japan Vivaldi
http://www.youtube.com/channel/UC2lolVgbKA4BT8WqLznDGWA,Anunnaki Ancient Mystery by Lucas M. Kern
http://www.youtube.com/channel/UC2q3JrUIe4mJqQbgMdrAjlg,Yeng Chan Ng
http://www.youtube.com/channel/UC2r6jhKCKkBpWQQdPr45iew,Randolph Arts Guild
http://www.youtube.com/channel/UC2uDmsN3aO4uTkO-oOyQhEQ,Level Earth Observer
http://www.youtube.com/channel/UC2vTgblwTSRMtH-aoY7dvtQ,Dr. Federico Baena Q
http://www.youtube.com/channel/UC2viqWOdAi1Z7y9PBWu8qlw,ANUNNAKI / 1 ANUNNAKI / ANUNNAKI - THE MOVIE
http://www.youtube.com/channel/UC30JIhyJBA96T62p4poxg0Q,Tom and Mimi
http://www.youtube.com/channel/UC36xmz34q02JYaZYKrMwXng,Nate Gentile
http://www.youtube.com/channel/UC37cZYUTErPVc7ClIuu14_g,Sahaja Yoga Karnataka
http://www.youtube.com/channel/UC37yiF58AGQso7VH4tosJLQ,Proyecto Sirio Café Ufológico 
http://www.youtube.com/channel/UC39lIgFVkTy17IlwxMhd6ww,Wudang Zidong
http://www.youtube.com/channel/UC39z4_U8Kls0llAij3RRZAQ,3x3Custom - Tamar
http://www.youtube.com/channel/UC3BONw_9byYKLxipQQwyCXQ,ورشة محمد - Workshop
http://www.youtube.com/channel/UC3D2Z4P1DMkRTFfhwIf_Ddw,fishing rod
http://www.youtube.com/channel/UC3DmaM1Ns1-0Ygo1aOt1dMw,Libremente | Reprograma tu Mente
http://www.youtube.com/channel/UC3I2GFN_F8WudD_2jUZbojA,KEXP
http://www.youtube.com/channel/UC3JYTzRVa6gK9XWTXxJ7taw,Kitten Street
http://www.youtube.com/channel/UC3KDNv7gJb_2aRSrhd_8XhQ,Reparatumismo
http://www.youtube.com/channel/UC3KdAVVUnUu-7C1sV5KBN4g,Eugenio Prestisimone 
http://www.youtube.com/channel/UC3Mitc2s8mHRrrh-VM9rrjg,Beeraii
http://www.youtube.com/channel/UC3SMmgBayyPwvr1fFuAtj4g,DrPOV
http://www.youtube.com/channel/UC3Ts9VvDAbaYy-38qOhSe3A,_bencebacsi_
http://www.youtube.com/channel/UC3Z5IVoNE5cP2kka5svUEBw,Taboo Conspiracy
http://www.youtube.com/channel/UC3_n__mfWgGkCe6WRZrWz7A,Night Blues
http://www.youtube.com/channel/UC3dr1OM5SuoLint_-Q32POA,Eric Blows Glass
http://www.youtube.com/channel/UC3fkKCLVhc78HMgrI0gy9xA,MovilOne
http://www.youtube.com/channel/UC3mJ40sBo5iOqrBvZrypgWA,Tron Interceptor
http://www.youtube.com/channel/UC3mY2SKYhPjqImtBBXsR6_Q,MayTree
http://www.youtube.com/channel/UC3mb5QRlm4VQmOZD_P0ctGw,A. R. Rahman
http://www.youtube.com/channel/UC3oWOleSolsVhal5krntOlg,Oregon Zoo
http://www.youtube.com/channel/UC3unJShm6iXtw9QgDnb9KPg,66Samus
http://www.youtube.com/channel/UC3vmm89Bcn-91-JSRsLW31Q,Christiana Means
http://www.youtube.com/channel/UC3wxebazxjzKxjjCFR5w3kg,Lince Outlander 
http://www.youtube.com/channel/UC3zot4-OqYcyfEHtP5SKDEw,Violalovescycling
http://www.youtube.com/channel/UC43g0P77FeXH5Kh4FMAj42g,La Gran Pirámide de Keops - Enigma o Dilema
http://www.youtube.com/channel/UC453fzKsM97-WO7mzPAXx_A,liila45
http://www.youtube.com/channel/UC4551cbbSB4ZTr5r1SLOTDA,Montelago Celtic Festival
http://www.youtube.com/channel/UC48D9UdOa7lIKV-uuTy_V3A,ALTBIK
http://www.youtube.com/channel/UC4Eqt3jI2inoD4TIcvuctYQ,Feeding Street Cats
http://www.youtube.com/channel/UC4J_nigBUcM-62aj_MXRFTA,Soul of Siberia
http://www.youtube.com/channel/UC4JeRiQvPQ_nb1BZWjk9QoA,Phil Collins
http://www.youtube.com/channel/UC4K6tc2C0hauYw5SoXNtkbA,Reid Stefan
http://www.youtube.com/channel/UC4LW3sOslC14Vn5bcoNUBkg,KBS 다큐
http://www.youtube.com/channel/UC4M3OOjkkv0SrLdvgvLnOQQ,Pablo Martín Trio 
http://www.youtube.com/channel/UC4MNQbZR57YjoyzWr43lGdg,Juanvi Palleter
http://www.youtube.com/channel/UC4Or9b7lijcd5aeJu83OPsw,Doc Scanlon's Bands
http://www.youtube.com/channel/UC4Tklxku1yPcRIH0VVCKoeA,Quantum Makers
http://www.youtube.com/channel/UC4Tna7mV5kFxizKj6I2jdBg,Primitive Survival
http://www.youtube.com/channel/UC4UWbQ23IbWwU-XG7XIWxvQ,johnnielawson
http://www.youtube.com/channel/UC4WzOyYo5WAAk2qd4B2Ghdw,Chad Caruso
http://www.youtube.com/channel/UC4Y6ckoQHxnFX1J4IVQRE6g,asleisure
http://www.youtube.com/channel/UC4_Jrua_CMeYY9jaC1ovgKA,MotoPapa
http://www.youtube.com/channel/UC4eYXhJI4-7wSWc8UNRwD4A,NPR Music
http://www.youtube.com/channel/UC4f5CuywXtKk5hklIQ10bMw,Grup Santi Taura
http://www.youtube.com/channel/UC4gAEMGlKwgQtHAQUp_1fvw,Rolling Wrench
http://www.youtube.com/channel/UC4iaAPIv047aTb7DQpnHJqg,Rock & Fix
http://www.youtube.com/channel/UC4jLoXeW0KovdJKA5itFDSA,HomeMade in Lviv
http://www.youtube.com/channel/UC4lp9Emg1ci8eo2eDkB-Tag,Nature Relaxation Films
http://www.youtube.com/channel/UC4nWV3nXtB7iGUM-3zR4BYg,Pachamama Flat
http://www.youtube.com/channel/UC4t5FOPDNAfQHlYLOAmvamA,RedSonja13
http://www.youtube.com/channel/UC4ug8mhESP_XBNntUStpNXg,Flat Water FE
http://www.youtube.com/channel/UC4xkGctn61jrtsD-JfniFMw,DESTERRADO
http://www.youtube.com/channel/UC4yhH-DkZ4Am8tZ25Ev5b8g,hispacocina
http://www.youtube.com/channel/UC4zLwRdXZfGmF5z3GVajiMA,Sahaja Yoga España
http://www.youtube.com/channel/UC4zhpFUaEX--x2-r8vPIy4w,El garaje de Josele
http://www.youtube.com/channel/UC50SkmVahJClJDtIWItODyg,Sahaja Yoga Barcelona
http://www.youtube.com/channel/UC52hytXteCKmuOzMViTK8_w,CdeCiencia
http://www.youtube.com/channel/UC53CV2y1SMLFAOTWlfjiwAQ,mihaniko77
http://www.youtube.com/channel/UC53NoTct1J3bVf1R3lYnloQ,Raja and David
http://www.youtube.com/channel/UC58em84jwiyM20qR-iqBDZw,IMSA Official
http://www.youtube.com/channel/UC59pCpNP8eOH5J9B0fvR1kA,PhoneBoyTecno
http://www.youtube.com/channel/UC5CWEPWvAAI6Ac710lO5_XQ,Felis Gallery by Robert Sijka
http://www.youtube.com/channel/UC5CqJg83cj40tnpRvKai6lg,Retroscreen Movies Revival
http://www.youtube.com/channel/UC5Dhp9kXHrQW6mkQaeW_QyA,Mar de Historias
http://www.youtube.com/channel/UC5Fb0Xo8Xx6gVrFPoVsZluw,RIU - Música Popular dels PPCC
http://www.youtube.com/channel/UC5LbSLAuY1VkhStJoDlN4XA,Memi Sillah
http://www.youtube.com/channel/UC5ONfXPjWgqElh0NZaRJ1tg,La Cocina de Loli Dominguez
http://www.youtube.com/channel/UC5P3JUxwDx7v2QCY8FEoz6A,imikewillrockyou
http://www.youtube.com/channel/UC5PI-QJi9KhaijN-lzcgNXg,Saida ZC
http://www.youtube.com/channel/UC5Pfa1bbDlktHCsoCJnpklw,Дачный умелец
http://www.youtube.com/channel/UC5RQg94ruYKthA54AIjjYjw,theprojectbcn
http://www.youtube.com/channel/UC5RxoTOD4xxYqe234Q7YVhg,80sFreestyle
http://www.youtube.com/channel/UC5T-A7jMWgF_vVrdV5WeSaA,Nirmal Dham
http://www.youtube.com/channel/UC5UbsZETBVuVPZvX6NHlXMw,Mesut BİÇER
http://www.youtube.com/channel/UC5W9sburtl01hs0Uhj6ZEjA,Big Band de L'Antàrtida
http://www.youtube.com/channel/UC5Xgjugo97N32NGEiU2CA4A,GreenyGreenGreenie
http://www.youtube.com/channel/UC5bRbjr12ILdRZnFw0J4YXA,Petr Měch
http://www.youtube.com/channel/UC5fsOsxBas1aq9_dWwY8Hpg,XSPORT
http://www.youtube.com/channel/UC5hixugZffaY7HrQga5ircA,TP News
http://www.youtube.com/channel/UC5jPl8XM9xg_QgkMzvCd6rg,Navegante Celeste
http://www.youtube.com/channel/UC5m6RfmUogH7F3sOL0LFEIA,Profe Noto
http://www.youtube.com/channel/UC5mCqBulD2KzLugC1lEEedA,SEIKILO Ancient World Music
http://www.youtube.com/channel/UC5p7niQfcnZZhO647Sd3Neg,knotting
http://www.youtube.com/channel/UC5q-PHNIn5rbYJhj0f6Zd2w,Road Overload
http://www.youtube.com/channel/UC5sNNs8QoMYIV_yYA3QHMog,ScottieDTV
http://www.youtube.com/channel/UC5uPrtbbTPUr7qzq0BM7sXg,RaFast & Furious
http://www.youtube.com/channel/UC5uSutr3oPw3-Di0HmlloOw,Méditation Sahaj
http://www.youtube.com/channel/UC5zHsEgKcTR0inQYpPOmBJw,SahajaYogaIT
http://www.youtube.com/channel/UC63mrzGhtfO5K5AiGA5WANA,David Benavente
http://www.youtube.com/channel/UC67GhU-p641Y7aZ7zQun-Cg,Wise Guys
http://www.youtube.com/channel/UC68Ze1_ZcqJnxL1ke9E82kA,YA NA HA
http://www.youtube.com/channel/UC6Dbzm0iEo1iY0lzAvVH_ww,Nature's Spirit
http://www.youtube.com/channel/UC6E2mP01ZLH_kbAyeazCNdg,Brave Wilderness
http://www.youtube.com/channel/UC6FVU_IJFVmcAU0JwcvJ9mg,Zuhaizpe
http://www.youtube.com/channel/UC6FX0-x8RRJ4WsZr32Qh_FQ,KręciołaTV
http://www.youtube.com/channel/UC6HRtnffImupuJYtgml8kJA,Compagnia Baccalà
http://www.youtube.com/channel/UC6HjO5ay2xYUvfG2O07GxYQ,Mindalia
http://www.youtube.com/channel/UC6Ke09vT-3yVno-LRvwLLTg,Smagical
http://www.youtube.com/channel/UC6OvAQVOmsH4A-mwzvmKrwg,Comunidad Neo Tolteka : Olin Kali
http://www.youtube.com/channel/UC6QbRP40wIxGgwPo45BgA4w,Pol Tarrés
http://www.youtube.com/channel/UC6QiPMoOMwzXskdzN9c4v_g,french jackalope
http://www.youtube.com/channel/UC6Sz5kcqleXceVZXuP3TSjw,RallyeHorsLimites
http://www.youtube.com/channel/UC6TDsoCUy9vANIjYKZL7Gaw,Motolatino77
http://www.youtube.com/channel/UC6X0JxL05ky063guJzBnu4g,Nick CaliThai
http://www.youtube.com/channel/UC6XsGITnBjsoD6n0xI4nT2A,tortugaadiction
http://www.youtube.com/channel/UC6_2iAMM5UhNdrCzb13NXbA,Oscar Saggeza
http://www.youtube.com/channel/UC6c2zCrV1l6A98rkPP0HSGg,navarangmusic
http://www.youtube.com/channel/UC6eb7ifYPvMkmRS4kNhUM7Q,Institweet
http://www.youtube.com/channel/UC6fJWTS7Tvt_nqCtETt1Awg,Jazz³+
http://www.youtube.com/channel/UC6ffFUtT43XHlccQbyWsNHA,Maussan Televisión
http://www.youtube.com/channel/UC6kpDTAXXNV5SEP5g1HoPTA,HouzzTV
http://www.youtube.com/channel/UC6lgiL6jwAyVUTTjbzy5NRA,godgevlamste
http://www.youtube.com/channel/UC6nZXhOz_gHr4mlb5UNl9ug,Matt Jordan
http://www.youtube.com/channel/UC6pyi6_N_94cbQO9yEMLQvA,Meditação Online BR
http://www.youtube.com/channel/UC6q7I1DD2Jv5Ur9UEIavIrA,Becorns | David M Bird
http://www.youtube.com/channel/UC6r70X_fno06KmqUegeX-fA,Osaka Monaurail - Topic
http://www.youtube.com/channel/UC6tFEU5Koh7FudA4Juwzlbg,The LabOtomy
http://www.youtube.com/channel/UC6uKrU_WqJ1R2HMTY3LIx5Q,Everyday Astronaut
http://www.youtube.com/channel/UC6uwmw_LbklVWSFrCYXXZMw,ParaSaberMas
http://www.youtube.com/channel/UC6w3tCYZ7E0skPFwHwlK9JA,MiraMundo
http://www.youtube.com/channel/UC6wGnngKEdRHHpQn_rtTgug,메가프로세스 Mega Process
http://www.youtube.com/channel/UC6xuQS2KdWg5WcG8TGAxDmw,Major Hamster & Friends
http://www.youtube.com/channel/UC6y1vXJtupRnXvSDssA0ZEQ,Petr Sarancha 
http://www.youtube.com/channel/UC6zbH1Z4G32bBV9wyK6ikPA,Kritter Klub
http://www.youtube.com/channel/UC6zqgjyGaf_b6nd3rqR7MUA,Alfa Mist
http://www.youtube.com/channel/UC704WGuYcHfbqZ5qPeH_Bsw,Maine Coon Adventures
http://www.youtube.com/channel/UC73TuolULgR94qeh42Oni1Q,Aleix Pàmies
http://www.youtube.com/channel/UC73rVmWKwVyc0w6-R7s-XfA,Embutidos De Cardeña
http://www.youtube.com/channel/UC74gxryDqEXLrq1ISKBn6CQ,Desmontando a Babylon
http://www.youtube.com/channel/UC74rufV9sOK7FbiOuGAUfBA,本田技研工業株式会社 (Honda)
http://www.youtube.com/channel/UC74tkS3M_NOlDUJCSGT2Vfg,A FISTFUL OF TRUTH !
http://www.youtube.com/channel/UC76hs2bdrebFYvdR-I8bwyw,vicesat
http://www.youtube.com/channel/UC76i-U_RIJW4C3SeJN8z4SA,djdisorder408crew
http://www.youtube.com/channel/UC76kTUyHAdZNZb4QwEkok0A,Post House
http://www.youtube.com/channel/UC7ApdCo-fBkGrkGgLDQ2CoA,Glove And Boots Archive
http://www.youtube.com/channel/UC7HYtYICEzvPLlqwugTRGrQ,Wade’s Underworld
http://www.youtube.com/channel/UC7Qk4CsNRX_A0p-WnFbN9Bw,At Your Lotus Feet Mother
http://www.youtube.com/channel/UC7QwWqU_ZcWVko-SZvgcdMg,Kenneth Tanaka
http://www.youtube.com/channel/UC7R_Ht11uHcVbE4cNboYm_g,FLAT EARTH 101 CHANNEL
http://www.youtube.com/channel/UC7TC33EYIFmv1drwOHjLhmA,Ismael Chee
http://www.youtube.com/channel/UC7WPmAW8K5tXbGwAZZ1kAFw,Stray Paws Clips
http://www.youtube.com/channel/UC7XYpDDDPoXiPf6vt-m1tRQ,Tim Williams
http://www.youtube.com/channel/UC7YEmbd0SDsTaH8PGFHJT4Q,MIRO FILMS
http://www.youtube.com/channel/UC7ao-0tfV6WG0i-9UmLRPwA,SmolWild
http://www.youtube.com/channel/UC7dBtuhD9g1IgqFAt7EcUFQ,SoyMotero.net
http://www.youtube.com/channel/UC7fIDbPeXlv_7w6KO8rQtpQ,SHOUT PRODUCTIONS
http://www.youtube.com/channel/UC7fK9bfLXpVpM83RUFA_jjw,RoyZivMusic
http://www.youtube.com/channel/UC7kPcwf9VdSKZ8OZpZ1b38w,Valentain22
http://www.youtube.com/channel/UC7nRXbcbphZjYZxQ3z-lrQQ,Idogo
http://www.youtube.com/channel/UC7pHE0PsVBBGIyAShyyUCqQ,p-brane
http://www.youtube.com/channel/UC7qXqyb2mPQsA_l2pkl6v_A,Andrex
http://www.youtube.com/channel/UC7qYsXkpwN67_yQ56LAac8A,Navegante Celeste
http://www.youtube.com/channel/UC7s4u_fmOu0mKMz2pgBtjtA,Motopruebas con Oscar Pena
http://www.youtube.com/channel/UC7sDT8jZ76VLV1u__krUutA,DUST
http://www.youtube.com/channel/UC7shUDSkHjuQNegPhGdANQQ,2666 - The Art Of Listening
http://www.youtube.com/channel/UC7tp2ync2LNGLYN1wyv93EQ,The Modern Creatures
http://www.youtube.com/channel/UC7ucvC0OrD2BQUmEec5NJeg,Trio Mandili
http://www.youtube.com/channel/UC7vYcVAFjChej2oHJw7P_zA,Informática Palafrugell
http://www.youtube.com/channel/UC7vcCwzjSHDDNV5U3xxv_Dw,Chad Preston Official Three
http://www.youtube.com/channel/UC8-A1fCFYWQtkkInabqVIPQ,NOTÍCIAS PATRIOTAS TIEMPOS DE GUERRA
http://www.youtube.com/channel/UC8-lkeXqOp5NYL1Gn0WiGrg,Free Meditation London
http://www.youtube.com/channel/UC83RKJs4eKHVE9v0YUyqzgg,Kitten Academy
http://www.youtube.com/channel/UC83SpN0QGivcZViyqv99TWQ,Kunal Malhotra 2.0
http://www.youtube.com/channel/UC87j_-SIjbzUqlY8tuKlZyQ,Ford Racing
http://www.youtube.com/channel/UC88VprbCVkXeGDoMNlOp2oQ,Teens Can Meditate
http://www.youtube.com/channel/UC88ju7_whMlQjE2km0xrjWQ,Festival of Tabla
http://www.youtube.com/channel/UC89Tyn0DbVm4MFm6xLDMiUQ,Héroes Campesinos
http://www.youtube.com/channel/UC8G5HjByIJII6HRQjOyT2Ag,Zamna #Nadatienesentido
http://www.youtube.com/channel/UC8JT2m0mKEgvEtie3JNKwew,Naked Science
http://www.youtube.com/channel/UC8Ja_RpzviOcKHYXfHLMV4Q,Drop Collective
http://www.youtube.com/channel/UC8KQ6_RNAvc7a3B5hZ980iQ,Made in Poland
http://www.youtube.com/channel/UC8Kbp2cE63CZAtGb2FcuqwA,Swarmanttra (The Manttra Of Indian Classical Music)
http://www.youtube.com/channel/UC8MHX0eJRU8pyPNXihOmg8g,Joy Kusuri
http://www.youtube.com/channel/UC8NigwpPWw4g60k-TApDAhQ,Medicina Alternativa Japonesa en mazatlan
http://www.youtube.com/channel/UC8ODjrPkOUYpv6LwY4OFmZA,Arcane Knowledge
http://www.youtube.com/channel/UC8OVcjhnVtBWOgaJV04I7Qg,Eric FORZA 
http://www.youtube.com/channel/UC8P4HIRzjjnxU-MQX0QHLUw,walter santi
http://www.youtube.com/channel/UC8PZpMUraa_a53G7ZAkD1bA,Paco Espartero
http://www.youtube.com/channel/UC8RPcy2kvtlZpNEvxN3VIBw,Meditation Band
http://www.youtube.com/channel/UC8UexTu0pRdzJU83eLXGPIA,Zohar ANCIENT DISCOVERY
http://www.youtube.com/channel/UC8W2ELB-mC5s7z4vOEpPiTw,SUPER KELINCHAK
http://www.youtube.com/channel/UC8YSf31gqZPMu0dsbiXAaxw,Ideal Bike Adventures
http://www.youtube.com/channel/UC8Yn4vFEKXb-2lTWPwEGb0w,Sophie Lloyd
http://www.youtube.com/channel/UC8YogZD-nSGIRlOVute6hUQ,Maleno 23
http://www.youtube.com/channel/UC8_K7bDkWkuPaKkDTDqVyQw,Archivo Prisma
http://www.youtube.com/channel/UC8aqQ7psYvxwIapQcc_Eb0g,RTV JEREZ
http://www.youtube.com/channel/UC8bWtbnj9G0roUe4mGfKjNA,Victor Borge - Topic
http://www.youtube.com/channel/UC8eY0YDpky7x_5KHrisle1A,azimuthnorth
http://www.youtube.com/channel/UC8fsoduB61Ept6T84mRxFog,The Moment
http://www.youtube.com/channel/UC8iCzghIF2gKFGhWNtWDHrw,Xiaomi España
http://www.youtube.com/channel/UC8jrF6HYfnzgCMJXmQn9ZkQ,Salin
http://www.youtube.com/channel/UC8nVWi8L7fPCjOMpSSNAM0Q,La Huertina De Toni
http://www.youtube.com/channel/UC8pYaQzbBBXg9GIOHRvTmDQ,MotoGP
http://www.youtube.com/channel/UC8rgJF_k2PqschNTt8pQE9A,Wildly Indian
http://www.youtube.com/channel/UC8s2D9Kp5S0fZ0Cxb11oDCA,VAHTANG
http://www.youtube.com/channel/UC8tSIBLcoIE4YNyavfFqabw,aventuradelmisterio
http://www.youtube.com/channel/UC8v44qrU_Fdd7UN_XlUMpew,Mudfossil University
http://www.youtube.com/channel/UC8wvNgqJev-UgDKs_6qc52g,Uwe David
http://www.youtube.com/channel/UC8yKCGqSRUf7ZZOBo-XUY3Q,wwozneworleans
http://www.youtube.com/channel/UC91UFgTTaleMxJdTFCCk93A,Vasily Shevchuk
http://www.youtube.com/channel/UC94j0n0mlgzG7_M8GF-6E8A,carnaticworld
http://www.youtube.com/channel/UC98Wfvtz5P2Euyttb_AUhNQ,quazy4quakers
http://www.youtube.com/channel/UC98WuSEjlABv-JnafxrmPYw,ShriMatajiVideos
http://www.youtube.com/channel/UC98p60feKrks3pVeUO2c4KA,Top riders speed
http://www.youtube.com/channel/UC9C_MgERaMDCLP10fkRNURg,Mr SuperMole
http://www.youtube.com/channel/UC9D0ktfOtegadcQvPiphpQA,Pioneer Z
http://www.youtube.com/channel/UC9DS-MY8CZzLh7vQG000uug,Pablo ELECTRUM
http://www.youtube.com/channel/UC9F9tUTzvnqIHUWQw3PEd5w,Ustad Amjad Ali Khan - Topic
http://www.youtube.com/channel/UC9Gik6SxGsYWSxb3YmolBYA,SOIKA ADVENTURE
http://www.youtube.com/channel/UC9LdaAlEyTgo4B0hYViLIhw,Funny Cats Footage
http://www.youtube.com/channel/UC9LxuffQCm_Z4KBCoXZvSHA,Beastly
http://www.youtube.com/channel/UC9LymR6i2IM4QfSNuOkBzNA,Primitive Tool
http://www.youtube.com/channel/UC9MAhZQQd9egwWCxrwSIsJQ,HISTORY
http://www.youtube.com/channel/UC9PgszLOAWhQC6orYejcJlw,Braille Skateboarding
http://www.youtube.com/channel/UC9QWw3kXMQm-DD1sxwUXTVQ,Krzysztof Klingbein - Drummer
http://www.youtube.com/channel/UC9TZEbbpAjGpBWclWXniFKQ,Saligarda la Garriga
http://www.youtube.com/channel/UC9b32MEA7za551f2kqa-TKw,Un tío de Marbella
http://www.youtube.com/channel/UC9bZy627A--NKLGtf9LnAJA,TWCDesign
http://www.youtube.com/channel/UC9cH5HQBojNzPCaTLovivbw,KiSH-Log 키쉬의 브이로그
http://www.youtube.com/channel/UC9cdwR_sv7NkAH0IQL1Pj0Q,DeandoesStuff81
http://www.youtube.com/channel/UC9cyqf8VTbQP0cROYhXF4Cw,Klint - Topic
http://www.youtube.com/channel/UC9eM3jqq5IfxbGHbuRR_jRw,Sfdx Show
http://www.youtube.com/channel/UC9jejsPd8O4SHehToCoSm7Q,Melnikov
http://www.youtube.com/channel/UC9k6Fgn2_4sMUa8OFwaIwPA,Recetas de Cocina Casera
http://www.youtube.com/channel/UC9nvLJhH9dUfShTr1VuhxVA,土豆の日記Cat's diary
http://www.youtube.com/channel/UC9oEzPGZiTE692KucAsTY1g,Red Bull BC One
http://www.youtube.com/channel/UC9pTWQQBvp7pns-ldGwqGRQ,TMEXPERIENCE
http://www.youtube.com/channel/UC9pYOJPB5UYlMlGKKZWo-Bw,Astro Horizons
http://www.youtube.com/channel/UC9r-yRwgnbNWwVx0pkSo-bA,SAMBIT 
http://www.youtube.com/channel/UC9sYc6LPbwMP0_0aZITlASg,Ryan DeBenedetti
http://www.youtube.com/channel/UC9se7NshymOeB5ccafr4MkA,Meditación_Silencio_Mental_Y_Neurociencia
http://www.youtube.com/channel/UC9x0AN7BWHpCDHSm9NiJFJQ,NetworkChuck
http://www.youtube.com/channel/UC9zBChL03vHrDOIlew6LnZw,Cherko Moto Marrakech
http://www.youtube.com/channel/UCA-i40P-jwXWoTQMsxBqHBA,ChachiGuitar
http://www.youtube.com/channel/UCA1DjTBYsebbZX5Ril35tSg,Gnawa Collective
http://www.youtube.com/channel/UCA6KQiQTBffBfhE4FXZPsUQ,ANNUR Contenidos
http://www.youtube.com/channel/UCA7juQvw_kmVc0dzn__Nglw,Papá Bonsái
http://www.youtube.com/channel/UCACZlfeBw-CvB5w8wPZFd0w,El Payocabra
http://www.youtube.com/channel/UCAEpiztddxaqS_ILUwxjUAg,Bricoaprendiz
http://www.youtube.com/channel/UCAExuwmw3qJNPECp1GHC0sw,Liondad_1987
http://www.youtube.com/channel/UCAOSN6bcRT1EqA58-oPCyZQ,Improver
http://www.youtube.com/channel/UCAQpSHsgUcNt6uCOjpgD8kw,Pecos Hank
http://www.youtube.com/channel/UCATWUurs5SImDMX_prUtxng,Matt Larose
http://www.youtube.com/channel/UCATtKCnmhNkHkholPZqzBvg,iALex
http://www.youtube.com/channel/UCAY-SMFNfynqz1bdoaV8BeQ,NASA Goddard
http://www.youtube.com/channel/UCAZhzP0DrxzneI96N2GY_uQ,Project SMOK Music
http://www.youtube.com/channel/UCAaBbRFKjaCOVVJC7mEV3pQ,JHAN CARLOS CM
http://www.youtube.com/channel/UCAcP2tMqCEFvbXsPmhmJC5g,Explore Media
http://www.youtube.com/channel/UCAi_uNeDWRXj8C8yw358gWw,CharlesBerthoud
http://www.youtube.com/channel/UCAk3t7WHs2zjsZpopox8Taw,Jonna Jinton
http://www.youtube.com/channel/UCAoxAPczcqMQ-3HbmsKPgcg,Bhaskar Subramanian
http://www.youtube.com/channel/UCApeEyLfaQE4KaDYVrDCDOQ,Quinto Pino 
http://www.youtube.com/channel/UCAvR_PfIRnmtFH8M_SwQ2dg,Nathalia
http://www.youtube.com/channel/UCAwylBbx8RiRD3VsaYdwNTw,Video Advice
http://www.youtube.com/channel/UCB0ABGbdSggBXLF0UdN4d5A,The Muppets
http://www.youtube.com/channel/UCB1J6siDdmhwah7q0O2WJBg,Charles Dowding
http://www.youtube.com/channel/UCB2-QM3lmg_NuyX3fOYzqOw,Jimena Alvarez Gil
http://www.youtube.com/channel/UCB3JOVt35MsYRNLJ2oGHSzg,William Richmond
http://www.youtube.com/channel/UCB60Nr0LorYQZRUuctXrr1A,The Mad Drummer
http://www.youtube.com/channel/UCB9Qkx-lCvh6mo3I5Yv9UMw,Stephen Day
http://www.youtube.com/channel/UCB9WdhymvqS4Px-kbZDBC_Q,Eye Channel by Eye Surgeon Dr Audrey Tai
http://www.youtube.com/channel/UCBBKxi6ay_eAymeXh7XPIXw,Lotos Tiger
http://www.youtube.com/channel/UCBBQuecIvZD9e-QiDksu06Q,Juan Francisco Burgos
http://www.youtube.com/channel/UCBCWdJ2U0mrZGngyWuK-1ow,Nirmalights
http://www.youtube.com/channel/UCBEO4ETEi2G-kySMlSeTy2A,bertrand SY
http://www.youtube.com/channel/UCBG3pvXhocK7_GjeIx2sUeg,Garaje Hermético
http://www.youtube.com/channel/UCBNfXIVuHJo1IAdrj2SQQrw,DataPro Data Recovery Lab
http://www.youtube.com/channel/UCBP6oEInBumWvg57IzX2ezA,Gnosis Video
http://www.youtube.com/channel/UCBSURWtaqrVyYNxaw8E90sQ,The 5th Kind
http://www.youtube.com/channel/UCBSrBbJVzhTr2HExOKABUBQ,Jill Scott
http://www.youtube.com/channel/UCBThrAfdav3-QXzuNPD6qfg,Everyday Meditations with Sahaja Yoga
http://www.youtube.com/channel/UCBViAwRqry3gaSLNS52bAAw,MaituoGuitar
http://www.youtube.com/channel/UCBYTVjT0pysWrzUn_cIDnBg,DadRider Motovlog
http://www.youtube.com/channel/UCBYyJBCtCvgqA4NwtoPMwpQ,The Wild Project
http://www.youtube.com/channel/UCBZ_OO-p6YZNsrnfk3SOfAw,Koss
http://www.youtube.com/channel/UCBcv35OeHFUGVbVRsxou1tQ,Canal Dulce
http://www.youtube.com/channel/UCBfdR_mbMrS4GRyH_jg5j7g,Melerus
http://www.youtube.com/channel/UCBg9UBgf4pPnmO8ZWz0MwUQ,Funk Soul Brothers
http://www.youtube.com/channel/UCBiJBaDaM3K6vPVggLhTyWA,Drumeo
http://www.youtube.com/channel/UCBj1SnWR6k84qgrgql3LeSA,Shri Mataji Lord Mahavira (Sahaja Yoga)
http://www.youtube.com/channel/UCBj5RfNZsqEaES1MTbHKjwQ,Lifestylebroker
http://www.youtube.com/channel/UCBjh-uGy5RcclATnFpQBobw,A Chick Called Albert
http://www.youtube.com/channel/UCBk_nsWKKAgG2AKUtAbO0yA,santiago moreno
http://www.youtube.com/channel/UCBpZ5QPTWq_M8gVWMxT_RgA,Enigmas de Gaia
http://www.youtube.com/channel/UCBqWtrtVaxJK2KDsdtmTnsQ,spamsafe
http://www.youtube.com/channel/UCBrM7pVJbA5yMN6qxGCsXIg,RippleX Studios
http://www.youtube.com/channel/UCBsUFphhbvpHptI3Ut-isnQ,Mr. Sulo
http://www.youtube.com/channel/UCBtjFm7bmGzUb3xvYhFSHuQ,Touchy Reactions
http://www.youtube.com/channel/UCBv0B23RnZIcJrd_-mSw2Eg,Michael Manring
http://www.youtube.com/channel/UCBv0oixBG-dFyuItWnp7m6w,sahajayogalv
http://www.youtube.com/channel/UCBwVq0hNjk41ykT1cPMg_mQ,Nitrosaurio TV
http://www.youtube.com/channel/UCBzoyJYm_wl7-NPp97t4QhA,La Voodoo Jazz Band
http://www.youtube.com/channel/UCC-mq8E5MKdmXFdqPpvrRtg,Vanguard Media
http://www.youtube.com/channel/UCC00UAGReFyNTIVgLBb_W3g,Societat Blues Rubí SBR
http://www.youtube.com/channel/UCC04OFHXtbDMk_5_oV67_EA,ANTLANTIC
http://www.youtube.com/channel/UCC0CLzCpM6nuLSAi1JNBjkA,Night Lights Films - Adrien Mauduit
http://www.youtube.com/channel/UCC44UCcZUeV_NVRJhj-Gefg,MATERGIA REALISMO FANTÁSTICO con Rafa Mercado
http://www.youtube.com/channel/UCC8nWMFhpGuwVDe26YeAyKQ,No Late Fees
http://www.youtube.com/channel/UCCCGdh_cIW0VAGQgbBInkiQ,Alfonso Martínez
http://www.youtube.com/channel/UCCH2CndABfeI6cSuKKhYvAg,Laura Pacios
http://www.youtube.com/channel/UCCJ2N83kHHXcQgc4XNUiyWQ,Virberello Scooter Tips
http://www.youtube.com/channel/UCCKy3AtqzEDkjT3wBwXHgdw,Clásicos Del Kung-Fu
http://www.youtube.com/channel/UCCLPspCdW1uUJ-RTcc7JMhg,MotoAventuras
http://www.youtube.com/channel/UCCMBpMywipyDR02hBnagnKg,susubet
http://www.youtube.com/channel/UCCMqU83SKuiaXIKYBRfQMOw,SynForge Records
http://www.youtube.com/channel/UCCTxpX9NSErcU1k1O0xcszQ,Qwest TV
http://www.youtube.com/channel/UCCUD_VxatWD2XXqicnYPQmg,Remo Inc.
http://www.youtube.com/channel/UCCZfeUN7YPsyxEykxm-nxUg,ねこぱんちParaguay
http://www.youtube.com/channel/UCCb2Hx7ZWB-oXtkC_S9Qsjg,Desvendando Noticias
http://www.youtube.com/channel/UCCbHhDySF7FO6_T0wIRufeQ,Baljeet singh tabla artist
http://www.youtube.com/channel/UCCepl2YScFun7n10yTdcUAg,Temporada Alta
http://www.youtube.com/channel/UCCerxd2OJwfXNmeSYfvYZ-Q,EnigmAnónimo
http://www.youtube.com/channel/UCCgS_0yaZqsHj2dLCc34ETA,Happy Monks
http://www.youtube.com/channel/UCCkmgsl8W18oR6c_W7UZ1lQ,TheSilentWatcher
http://www.youtube.com/channel/UCCnXeOStRblodamAMmanAUw,MB PATENTS
http://www.youtube.com/channel/UCCnXhX0feXujg9qHEu5fpbw,Md Lokman
http://www.youtube.com/channel/UCCo-Q5NB5ObCZWrzXtyCJsw,Injection.no
http://www.youtube.com/channel/UCCtx8QXvXLzIBdcyNPP3mMg,Sahaja Yoga USA
http://www.youtube.com/channel/UCCu7HmOQ2hfuN-tushSJgig,Sonidos Naturales
http://www.youtube.com/channel/UCCy4i4V_v1SIRvsPgTxYDlg,TTT GRUPO MORIKAWA
http://www.youtube.com/channel/UCCz1MWjy6Q47OHg6mLiQKFA,DON SHIRLEY - Topic
http://www.youtube.com/channel/UCCz4ckjYz4ET9sHQAezBohw,FórmulaMoto
http://www.youtube.com/channel/UCD-hWGkNIC8PaEEcA2bnV5g,Italian P&C
http://www.youtube.com/channel/UCD1BcOxLTXBAYnMIxRCYf-A,Bdeviajeros
http://www.youtube.com/channel/UCD6d0LAeU8Ye51cxWGuPW4g,Guía de Viajes con Samuel y Audrey
http://www.youtube.com/channel/UCDBrVr0ttWpoRY-_yZajp2Q,alyankovic
http://www.youtube.com/channel/UCDExUM0oUN5LUREpjfVFweQ,Mr Scruff
http://www.youtube.com/channel/UCDJCKyzq-WRw5x6n6VtYZ6w,ESC Baig
http://www.youtube.com/channel/UCDLV-FOsowrTLeXto6brZ5g,BigC Panupong 
http://www.youtube.com/channel/UCDPmTfEWlLvFx2d6n_952uw,Pete's Band
http://www.youtube.com/channel/UCDQz4H7tz6Fwu5_5rg4W6pA,Andy Phillip
http://www.youtube.com/channel/UCDS3iWgxR7w-8zY2W87u9Kg,Into the Rewild
http://www.youtube.com/channel/UCDVRaPORKBRnA06YOPle3NA,Movie Squirrels
http://www.youtube.com/channel/UCDVw6kcGFVcjewj7-OrlcEg,Immaculate Ideal Creative Arts Foundation
http://www.youtube.com/channel/UCDVzPVl_nx51r4yLAZQzLPg,Emilio Carrillo: La Academia de la Consciencia.
http://www.youtube.com/channel/UCDete16AErZIxc8oO5BoSFw,Taras Stanin
http://www.youtube.com/channel/UCDi2qf2tqFKmKQDn_63LeDg,Blues on Broadbeach
http://www.youtube.com/channel/UCDlNfxAOousIwgW94koBqmQ,Erena Terakubo
http://www.youtube.com/channel/UCDlQwv99CovKafGvxyaiNDA,Jonathan Morrison 
http://www.youtube.com/channel/UCDn7vR8u_4j1vTrjiTMmb2w,Stiliyan Stefanov
http://www.youtube.com/channel/UCDpTV6PL7WoPdHWPl-LoWXw,LawkSam
http://www.youtube.com/channel/UCDxLZG6CBfv6jg4wC0aCW2Q,"Prokey Drinks, S.L."
http://www.youtube.com/channel/UCDyXidoMdYc4UFfzVpgW0YA,GlobalFix Training - Eloy Gaspar Castillo
http://www.youtube.com/channel/UCE1oZd3IBB8RDmu9oDU-Ybg,KAZAN
http://www.youtube.com/channel/UCE5UAU0-6zBnF5yK33iCUYA,Altan Nergui
http://www.youtube.com/channel/UCE6OGwKnCCDBdhG3_eZVdTg,Albert Bello
http://www.youtube.com/channel/UCE98DH2rVOfIvW63WPITYug,bayanist
http://www.youtube.com/channel/UCEAXnEbcjqoXSWVNqXOlgGg,mente abierta
http://www.youtube.com/channel/UCEBQS8y6mlZv4sFlEAbgZsQ,Diego Mario Dangelo Hablemos Caballo
http://www.youtube.com/channel/UCEG5JmH_I7qVFXLaB69JH6g,Finch VN
http://www.youtube.com/channel/UCEGtIf-tx-Vh8W7h5xLSYxA,Acethetic - Topic
http://www.youtube.com/channel/UCEIR3GF5KiYoOVLIWCTnX-w,Honda Motorcycles Europe
http://www.youtube.com/channel/UCEK3QRI0NXyChoKMjQVEXHQ,CAFEOVNIVALENCIA ESPAÑA
http://www.youtube.com/channel/UCEKyvVCqS1VjE8fWby-Yhxg,Marta
http://www.youtube.com/channel/UCELQXePfNcNADz1Ug4NzWQQ,Tanya Shpachuk
http://www.youtube.com/channel/UCEQafBcFZq5id7E63yR47nw,FUEL TV
http://www.youtube.com/channel/UCERQZLRMniqsMlgBxme32cQ,Funnycatsandnicefish
http://www.youtube.com/channel/UCERT7ODBM3XUKoJXkKgHluA,Max Biondi
http://www.youtube.com/channel/UCEX-vtUA2V4ghzxCU1NJN1A,rajeev singh
http://www.youtube.com/channel/UCE_I0vbzqhGLhmO4C55MmAg,Aradhana Talwar
http://www.youtube.com/channel/UCEaxX1yQlFPmAKbE6AFpBWQ,Thánh Chế - Mr Hồ
http://www.youtube.com/channel/UCEbCRO739v3_RDmv6_aw1QQ,Bikes and Beards
http://www.youtube.com/channel/UCEbbyBuyQiHpKiOMj9GFhVw,Move With Nicole
http://www.youtube.com/channel/UCEcvfHmYdUaYIqfkGowP2Dw,Animais Do Sertão
http://www.youtube.com/channel/UCEgm-3RvRn4nCR-fGGVsfdQ,Mattias Krantz
http://www.youtube.com/channel/UCEhdMBnA5CBNZBCR3lTrqIA,Swit Records
http://www.youtube.com/channel/UCEjA5F8lg5ntTbS7WDeRDFA,Mr.Heang Update
http://www.youtube.com/channel/UCEjUdDO0_Lqre6Jip4bgO1Q,SahajLove
http://www.youtube.com/channel/UCEk0rp8f3zaxdEe0kyRv7gg,Marco Renzini
http://www.youtube.com/channel/UCEm2SXE-tPDo7-gBQ5hI-hQ,GOROWARE
http://www.youtube.com/channel/UCEoZeF_egHWoY__PutR6d0Q,Weyder
http://www.youtube.com/channel/UCEpQWbmsA5-oPtywSgAX0Hg,History Of India
http://www.youtube.com/channel/UCEqKnpEVLn64kWvqaiYJqPA,Spyro Gyra Official Channel
http://www.youtube.com/channel/UCEr7Q7c5hinsWPT1wjXjmPQ,ASOCIACION CENTROMOTO
http://www.youtube.com/channel/UCEwncQrq1n3pEY-5P1JGn1A,Roark
http://www.youtube.com/channel/UCEyr6FYPqXj3agOBSBPyLWw,HandCraft
http://www.youtube.com/channel/UCF4-rz0UHHwFjQDUzxSxwcw,Fernando Presencia Crespo
http://www.youtube.com/channel/UCF590iDlsFobw2KwvJq0FfA,Macba Life
http://www.youtube.com/channel/UCF9KnzQ28vwosfVDfSmvjXg,Ultimate Ambient Noise Soundzzz
http://www.youtube.com/channel/UCF9s4ffoxjk8-AgzCEe8QqQ,Shamisen in Tokyo
http://www.youtube.com/channel/UCFCtZJTuJhE18k8IXwmXTYQ,EBSDocumentary (EBS 다큐)
http://www.youtube.com/channel/UCFCuZaQ3rOtzdcW5_oII4lQ,DOCTOR BAZZ
http://www.youtube.com/channel/UCFGy9I8wuAh5fx7RqEzQ64w,Scandic Mobil Fiks 
http://www.youtube.com/channel/UCFJZ_61lxGIxp6lS97dP4Ag,XimiTime
http://www.youtube.com/channel/UCFKkQRnfMP78ZXX6PbOm41A,birds moments
http://www.youtube.com/channel/UCFKrbHKFDXN2xeDYKPQ5UiQ,MocomiKids
http://www.youtube.com/channel/UCFLjlqnsOhbijiJmikYKFKg,"NCAA [LIVE]
"
http://www.youtube.com/channel/UCFQLMehakM5R2vJ_QPuWsRA,"ТАНЯ, НАСТЯ и ТАЙГАН"
http://www.youtube.com/channel/UCFRe_i43m0jzWHn4Lg73nkw,Misterios Sin Resolver
http://www.youtube.com/channel/UCFRpxnSp02Ed-Deaz13Mk9Q,Vespa Maen Maen
http://www.youtube.com/channel/UCFSZcAvRS0RHtzg9fEi9iqQ,Hibbeler Productions
http://www.youtube.com/channel/UCFX9ZHjjEIBheIwp8o2-5Yw,Ustad Bismillah Khan - Topic
http://www.youtube.com/channel/UCFXww6CrLAHhyZQCDnJ2g2A,MBARI (Monterey Bay Aquarium Research Institute)
http://www.youtube.com/channel/UCFY_6_GKetL06lo8C9VqIUQ,Angel Arteck
http://www.youtube.com/channel/UCFb1QIiA3Y3NUsIJOyjxy_w,Radio Serenidad
http://www.youtube.com/channel/UCFcvbilqe6AsHiRXRXBCr7w,Positive couple. Позитивная парочка.
http://www.youtube.com/channel/UCFdfK3GAaB1T4adhs3gVyZg,Nicolo Melocchi
http://www.youtube.com/channel/UCFeUyPY6W8qX8w2o6oSiRmw,Official Pink Panther
http://www.youtube.com/channel/UCFeYSKdo6ajQ4rl8DYfeMdg,Faemino y Cansado Club de Fans
http://www.youtube.com/channel/UCFf4KXKHjPJgwDJKNpKzUWg,Mike Chang Fitness Brasil
http://www.youtube.com/channel/UCFhH6ENIQSjPsUNCSmwX_uw,Alpha Live
http://www.youtube.com/channel/UCFjHJ7TWLtw8-rjhXbJx-sw,Aprende con el Profe Iván 
http://www.youtube.com/channel/UCFju_FN9sjCTcnCns5Hj6Yg,MaxluvsMya
http://www.youtube.com/channel/UCFlWAAWuu0Dn8rNHJlOqo3Q,Toni Bou
http://www.youtube.com/channel/UCFmi5jL87q3gmGRFOuB06ZA,Kadapa Nagireddy
http://www.youtube.com/channel/UCFoFcYE1JSHnmMdRONRnNvw,TodoMadera
http://www.youtube.com/channel/UCFpPh7pDMC-mrPP5HHdm3jQ,Vladik_oladik_2222
http://www.youtube.com/channel/UCFqLPdQm-k5uCI9gFaxraeA,Eugenio Monesma - Documentales
http://www.youtube.com/channel/UCFtc3XdXgLFwhlDajMGK69w,NightHawkInLight
http://www.youtube.com/channel/UCFuOpznUAB6myVI-AqBou-w,hosiyas
http://www.youtube.com/channel/UCFw1qLNT4tw321EyssMXC8w,Echoboom Sports
http://www.youtube.com/channel/UCFwdmgEXDNlEX8AzDYWXQEg,Creative Channel
http://www.youtube.com/channel/UCG-xEnKwULfoeGmFANdUk1w,Break The Wall
http://www.youtube.com/channel/UCG2kS4JQuHa3AilsLXlSbkQ,Nirmalive
http://www.youtube.com/channel/UCG5V5_oXO5JH7g5NS6hj7UA,Jazz San Javier
http://www.youtube.com/channel/UCG5gDPR_XwE_1Md_ID_C7OA,EL EXPRESO DE MEDIA NOCHE  RESURRECCIÓN 
http://www.youtube.com/channel/UCG6qxlOz0MadF9-wjIDjXoQ,Mag Stigman
http://www.youtube.com/channel/UCG8quAWxtQAB0cIBxk7Z4cw,Honda74gp
http://www.youtube.com/channel/UCGGY1f5gdRZ4xCiZtyuHDgg,"Que Nos Ocultan, "
http://www.youtube.com/channel/UCGI1bE4wmhjGsPYPkRntk2w,The World's Oldest Skateboarder
http://www.youtube.com/channel/UCGJctxV-1iY_WKXFtfMXk2w,Permacultura Holistica
http://www.youtube.com/channel/UCGMsxxjNK1liqpYF4zjkCzA,Alvaro Zannelli AGUA DE MAR SOL Y BUENA VIDA
http://www.youtube.com/channel/UCGNofQje-jniOtkekQzeY6A,Izheheruvim
http://www.youtube.com/channel/UCGOSErz6SN5Y0xzEFA-Oggg,Lezicafilms
http://www.youtube.com/channel/UCGPYR4JXRDyYpHZXG6vZ_1Q,Mr. Tfue
http://www.youtube.com/channel/UCGPxohN0plAQM0PD5faJkvQ,Chicho Lorenzo School
http://www.youtube.com/channel/UCGSxWDl8amSm6TtMF7lRPnQ,pelixesp
http://www.youtube.com/channel/UCGUbu4BD-jEPcqp_n6GXZXA,Sahaja Yoga Memories (सहज योग)
http://www.youtube.com/channel/UCGVrxaJHUQHbPSUVDZ8sUVQ,Geethanjali Kids - Rhymes and Stories
http://www.youtube.com/channel/UCGaRH9ab1n7XCCdOKOW-vgw,Boris De Luca
http://www.youtube.com/channel/UCGdiAXboQAvcDkYnoUs_YNg,wiltech
http://www.youtube.com/channel/UCGejfJS7aHUh9utlFYH7slg,Un Ciudadano Cualquiera
http://www.youtube.com/channel/UCGfo7sxQ98hPGX0FCtuRfrQ,Powell Peralta
http://www.youtube.com/channel/UCGg9y_JXS-8hbXJTy86V7AA,Motorcycle Repair
http://www.youtube.com/channel/UCGgJL7D1ZBYfgSQW8xXe9Zg,Bhavani7
http://www.youtube.com/channel/UCGgniDdUNShnAenn6_oDzqA,Sahaja Yoga Meditation Videos
http://www.youtube.com/channel/UCGgyr3-DI5pr5Cnnv2A8shg,RÚV
http://www.youtube.com/channel/UCGi4tMUNWdL21WY0r_okgeg,Barea Brothers
http://www.youtube.com/channel/UCGieG0SoGN7o3ZKzHGhHhUw,shurap
http://www.youtube.com/channel/UCGlovGqZBS8Yia5NoylVHWQ,The Drunken Lute
http://www.youtube.com/channel/UCGm3CO6LPcN-Y7HIuyE0Rew,Monty Python
http://www.youtube.com/channel/UCGmv31EbHg8wPORSb9s_lXg,Amazing Discoveries
http://www.youtube.com/channel/UCGn3-2LtsXHgtBIdl2Loozw,sina-drums
http://www.youtube.com/channel/UCGpTy1_YYGcnU2Gts6MQjpA,Wendolein Salera
http://www.youtube.com/channel/UCGqXq6ShJXCNc8t30L2geKA,Isaac Feliu
http://www.youtube.com/channel/UCGx4eI_9t2GDZK1Kfh4_FxA,Andrés Espinosa 
http://www.youtube.com/channel/UCH-Z8ya93m7_RD02WsCSZYA,Derivando
http://www.youtube.com/channel/UCH0R_9LEEUHwMhMe7sEVoyw,Butcher Brown
http://www.youtube.com/channel/UCH2uPa8_-4IaEc-pEhf6-2Q,As Ribeirinhas da Amazônia Fabiola e Fabiane.
http://www.youtube.com/channel/UCH3LVli8sQEDv5g_nsV6s9Q,Universo Darp
http://www.youtube.com/channel/UCH6vXjt-BA7QHl0KnfL-7RQ,Simon's Cat
http://www.youtube.com/channel/UCH8x9JG9WukMFU6OcMfQVQg,SAHIL
http://www.youtube.com/channel/UCH9ciCUcWavMsFcAJtLUSyw,SixPackAbs.com
http://www.youtube.com/channel/UCHA6t1mvFDC86htu8t83q1w,FISE
http://www.youtube.com/channel/UCHEmSxcrB_kauuNt1XsAEag,Dragon 999 🐉
http://www.youtube.com/channel/UCHF7mY_Pr86-F6v2tECB-Yg,Jess Bowen
http://www.youtube.com/channel/UCHFxiTzFzolPo2yrPc_6F7Q,Miñana
http://www.youtube.com/channel/UCHG0CNxmtdl7cXhAV7AZKkQ,Vivaldi Browser
http://www.youtube.com/channel/UCHGONg1mfMwcKORtImOi4Zw,Trading Sharks
http://www.youtube.com/channel/UCHH_fkg_q8fu-AdEzIczzYQ,North Sea Jazz Archive
http://www.youtube.com/channel/UCHJCZ2QUD-WAJTGikMs9B4Q,DLoaw
http://www.youtube.com/channel/UCHLQ0IVP__944AsRjFmRo1A,El Canal del Coronel
http://www.youtube.com/channel/UCHOtaAJCOBDUWIcL4372D9A,Fabio Wibmer
http://www.youtube.com/channel/UCHP7pSi7OSR1oTeT31iIkcw,Валентина Канищева
http://www.youtube.com/channel/UCHPFaQfUgV0a2oJ78m2d_-w,wocomoHUMANITY
http://www.youtube.com/channel/UCHPIPQTnEMeB9vW9uDc1yGA,starpowerdrummer
http://www.youtube.com/channel/UCHRK9RsrtqSYmAmmbCtaS_Q,Sarah Tidwell
http://www.youtube.com/channel/UCHXUk1596ilWx6EYh7lmrrA,Miguel Czachowski
http://www.youtube.com/channel/UCHYq7VmK9usT6otuBFl-YJA,Pete Roberts
http://www.youtube.com/channel/UCHYxMQfx-tHUleWDYAEKErA,Vedascool
http://www.youtube.com/channel/UCH_dFsLe_I0ftAFP8XzJkTQ,T-Series Classical
http://www.youtube.com/channel/UCHaM3-02WivgB7mvgGNtwhQ,The Skills
http://www.youtube.com/channel/UCHbTJEbmx4HdTuu7Iclx83A,нυмanΛCOUSTICS™ | beat club
http://www.youtube.com/channel/UCHdorhnA6Y2djGWjEXEtUyw,Haktan Kenarda ritim ve oyun dünyası
http://www.youtube.com/channel/UCHeo6qlt7cd9hvXQlCMpzTA,Lo He Cocinado Yo
http://www.youtube.com/channel/UCHfMU1aheLwursYZHtf6uhw,The IT Crowd
http://www.youtube.com/channel/UCHiuyvb46s4WdVgPgGTN_fw,Cocina Japonesa con Yuta
http://www.youtube.com/channel/UCHnyfMqiRRG1u-2MsSQLbXA,Veritasium
http://www.youtube.com/channel/UCHoC6924p4uKeajLe548a0g,ICGC Catalunya
http://www.youtube.com/channel/UCHoPZzxVgizV4HoqMvAKIFQ,Qui hi ha? - Topic
http://www.youtube.com/channel/UCHranSHHa1qo6Pg4JStkL7Q,HP Support
http://www.youtube.com/channel/UCHsS39rK8loU0A2t8-_uIhA,Ricky Martinez
http://www.youtube.com/channel/UCHsowNCRQw5mptrG9dduhVA,Gorka Garay Aldazabal
http://www.youtube.com/channel/UCHw4qSnflVDYk20BnIToj2w,GloobalFix - Tutoriales en 1 Minuto
http://www.youtube.com/channel/UCHwNa3lAjzbxRR2pbbZUE2A,English Heritage
http://www.youtube.com/channel/UCHzvqnM2vteC67ZBIt_C84g,InfoSquad
http://www.youtube.com/channel/UCI0YE43axB_0_ERJpsMJ2ZA,Pol Ferrer Stunt Academy
http://www.youtube.com/channel/UCI1HYpVUGNBpbLyrj5jSvzw,TierraplanismoCristiano
http://www.youtube.com/channel/UCI1vQ4_iuuB-MAF1hz5AgIA,Infima Prime
http://www.youtube.com/channel/UCI2w_kPjK37F0aW9EvDpV6g,Teachings of H.H. Shri Mataji Nirmala Devi
http://www.youtube.com/channel/UCI3XOx7AS4fKGmu4zCaWgFA,Radio Heartland
http://www.youtube.com/channel/UCI9zpG0EGiiMLmaHtQxeyYw,Bushcraft improvisation
http://www.youtube.com/channel/UCIEv3lZ_tNXHzL3ox-_uUGQ,Gordon Ramsay
http://www.youtube.com/channel/UCIEzRynZsewtFjUTxtRbyUA,The Maker
http://www.youtube.com/channel/UCIGEtjevANE0Nqain3EqNSg,TysyTube Restoration
http://www.youtube.com/channel/UCIGNg9x2x0eYkiENUfZ5HdQ,ANW EXTREME
http://www.youtube.com/channel/UCIH9-O5pX3Qr9bESZB3LYdw,Littos Media
http://www.youtube.com/channel/UCIJnfRUKUPHdu15sl6HqViQ,Timon se ha Vuelto Loco
http://www.youtube.com/channel/UCILJrZhXGMcuoMAB5ZugAag,Absolute Truth sahaja yoga
http://www.youtube.com/channel/UCIMRbNYBn5eae3_FH8-eKFw,David Corbera - Enric Corbera Institute
http://www.youtube.com/channel/UCIMXKin1fXXCeq2UJePJEog,My Self Reliance
http://www.youtube.com/channel/UCINb0wqPz-A0dV9nARjJlOQ,The Dodo
http://www.youtube.com/channel/UCIRNADSE7zTt6_MshDlnZSA,Cocinemosjuntos.com
http://www.youtube.com/channel/UCITB5guRD9mPBgeKSUSYDRg,DrPossumlady
http://www.youtube.com/channel/UCIbxnZ12z14jTVQtGPRYR7A,José Gabriel Londoño Jaramillo
http://www.youtube.com/channel/UCIdOkmfmNxP1IuYQnSku9BQ,Tomomi Nishikubo 忍者ライダー
http://www.youtube.com/channel/UCIdy9BaEy8QTU80L9diHP9A,Jazz Night in America
http://www.youtube.com/channel/UCIkCzk3ezlAxX5r2OFlHLaQ,julioprofe
http://www.youtube.com/channel/UCIkSB19axJZsAkAIwYVFETg,Marc Salama
http://www.youtube.com/channel/UCIlGy26zi-BbX6zDYAMQ9Qg,Josep Guijarro Canal Oficial
http://www.youtube.com/channel/UCIlWLnE1tIAjjefVPGsAwrQ,Vive con Sabiduria
http://www.youtube.com/channel/UCItFLm69UtzH5FYCnHJfAHg,LITTLE BIG BEAT STUDIOS
http://www.youtube.com/channel/UCIukqV3hrrXjoU9HElRYOZw,Mmanzils Tech
http://www.youtube.com/channel/UCJ0-OtVpF0wOKEqT2Z1HEtA,ElectroBOOM
http://www.youtube.com/channel/UCJ1mWSE-Dqg9AtC3dZENqMw,Digar Productions
http://www.youtube.com/channel/UCJ2S53El8TjdVQtRyrUhYJw,MysticRhythmsLive
http://www.youtube.com/channel/UCJ901NqoRaXMnIm7aOjLyuA,Fallow
http://www.youtube.com/channel/UCJFRVGGQwgChZaoDvZ88jnQ,Mr Nik
http://www.youtube.com/channel/UCJJFJ0_rG5qzHGsCV177GVQ,Vincen García
http://www.youtube.com/channel/UCJJOPBQ9KITlzGyxwWxgswg,v1battle
http://www.youtube.com/channel/UCJMFqetGQfCGhRMTa_EOxqQ,ustaz_drone
http://www.youtube.com/channel/UCJNily8g70dsjWIXviLxNOg,"Motos, bricos y otras cosas"
http://www.youtube.com/channel/UCJO95ZYiNhl20IdnDyHvbWw,Classic Mood Experience
http://www.youtube.com/channel/UCJOXYqSQkDVoASC4eOHFELw,Kubotube Makers
http://www.youtube.com/channel/UCJQQVLyM6wtPleV4wFBK06g,VisualPolitik
http://www.youtube.com/channel/UCJToUvYrmkmTCR-bluEaQfA,BAND-MAID
http://www.youtube.com/channel/UCJUkWY6KdxHWEeQhwrBlX_Q,fixitsamo
http://www.youtube.com/channel/UCJUnNvZh5tfTpAFLIymyD7w,Los Secretos del Dragón
http://www.youtube.com/channel/UCJWPpBQRLnU0YfP2cK2E7kw,Zach Mayfield
http://www.youtube.com/channel/UCJYqIMdX4d7-6XwX_LGolLA,Belleruche
http://www.youtube.com/channel/UCJZ7SnBoWfQeTfEihBzhifw,Maisimino
http://www.youtube.com/channel/UCJZTjBlrnDHYmf0F-eYXA3Q,Self Sufficient Me
http://www.youtube.com/channel/UCJZv4d5rbIKd4QHMPkcABCw,Kevin Powell
http://www.youtube.com/channel/UCJdAbSaikuqpFsVLPNkoPnw,KAR Automotive Training
http://www.youtube.com/channel/UCJmWj0H1_ddVZ423g5WuBWA,Objetivo de Luz
http://www.youtube.com/channel/UCJnoRo2qexJSqG4_p7mh83Q,EL MUNDO DE LAS HORMIGAS
http://www.youtube.com/channel/UCJoHuLkj8-ZvBUvTamCmhRw,Tallamadera.com
http://www.youtube.com/channel/UCJrEBMeSuyYHaD2-Y6wgx9A,Auckland Philharmonia 
http://www.youtube.com/channel/UCJtHPtpcD149LxN5mEzYMJg,Sahaja Culture
http://www.youtube.com/channel/UCJxtz0xUyMfp31skMc8FPVw,Animal guard
http://www.youtube.com/channel/UCJy4nUo1D4R3hlcP8XCLX9Q,HUMAN the movie
http://www.youtube.com/channel/UCJydxpYQzqjwh6-UkLdLgJA,Keefer Fuchs
http://www.youtube.com/channel/UCK2Dxvy9H1NojirvaxnEnqw,Terra Mater
http://www.youtube.com/channel/UCK3nwQX7oJJPQ_MqSDTEbOA,TrackandTuner
http://www.youtube.com/channel/UCK4KyB-HIH2d9TE87CazppQ,Sudarsan Sahoo
http://www.youtube.com/channel/UCK6fu_slrDkAQ0e9HphrW0g,Rollo 80
http://www.youtube.com/channel/UCKATebKrhcFcDP6VOEnzJgw,Juan Carlos Blanco
http://www.youtube.com/channel/UCKBnlTTgEnhIXv_c4LvvyMQ,OWN
http://www.youtube.com/channel/UCKBpKeRhhCQOQwbPz4aYZWg,Relaxing Sounds Of Nature
http://www.youtube.com/channel/UCKC77AR_zWXRTE2GOD_2Uag,Marc Vidal
http://www.youtube.com/channel/UCKCM0r9Kop_F6FV_panSqxQ,mr. Maker
http://www.youtube.com/channel/UCKQCaDW4LqL3l1ai8yisvUw,20syl
http://www.youtube.com/channel/UCKS7jZMNWz69HL1aPBsmwTg,Mr. Jacob English 
http://www.youtube.com/channel/UCKSVUHI9rbbkXhvAXK-2uxA,Supercar Blondie
http://www.youtube.com/channel/UCKVgBkt8d8R8X3W0acuMtjw,동양고주파DONGYANG GOZUPA
http://www.youtube.com/channel/UCKWEolJjpZEEtuI-1EiIaRg,Free Meditation Worldwide
http://www.youtube.com/channel/UCK_0CGVwNO39EzpPtirnAMA,Districte de les Corts
http://www.youtube.com/channel/UCKa3zgW9h9SsYV5he-oqoqw,Kaja Cattery
http://www.youtube.com/channel/UCKb7nw8fV5BHT4uUyD2IbNw,Mentiras Verdaderas La Red
http://www.youtube.com/channel/UCKcO6e8R3jNBhPiIC_d-3jg,ianuaStella
http://www.youtube.com/channel/UCKcYLvdxaVj0yShQxoKEpLQ,Aprende Y Emprende Confeccíones.
http://www.youtube.com/channel/UCKeQFp3dTF07lLB-w49EwJA,FrikiMagazine
http://www.youtube.com/channel/UCKjmq27uCsUmbdVyF6MeqsQ,Mattias Norberg
http://www.youtube.com/channel/UCKnjIoh16Jgtsv4xRi6lnFQ,Flow Break
http://www.youtube.com/channel/UCKpMmsBHuXqA0vsR2ne_9gg,Bokoch
http://www.youtube.com/channel/UCKqAJfYEVCPLbdgOm8QqSQg,DIRECTO NATURA
http://www.youtube.com/channel/UCKqs9x3jFkoIiFWAIcGVdmQ,Pedro
http://www.youtube.com/channel/UCKu4iZ2hmhTlm6CF-Y0b6Tw,Festival Jazz & Beer
http://www.youtube.com/channel/UCKwIWByGLhE8tuUIjddZt5Q,DirtFish
http://www.youtube.com/channel/UCKwfjHCGi_1O0Jj-frMN-GA,Astrofotografía en México y el Mundo
http://www.youtube.com/channel/UCKyF1WddCfiqugXNOJ_uLfA,The Dirtbike Rider
http://www.youtube.com/channel/UCLAPg3fGZHasFU9oS3rMykA,SilvCorp
http://www.youtube.com/channel/UCLGSpxD0XXHnbXtDJJqMqDw,yukikawae
http://www.youtube.com/channel/UCLI04VBqIHwEgUVyEn1UQIQ,Tech Bharat Lifelong Learning 
http://www.youtube.com/channel/UCLImuZZpZnO0sIQHVLxeiFA,University Of Life 
http://www.youtube.com/channel/UCLIvKgNK8rplnu2DVugns8g,Goat Milk Shots
http://www.youtube.com/channel/UCLJkr6r1Ke-GXe6W5B0Y9Zg,Oscar Clevö
http://www.youtube.com/channel/UCLKCcJvsdynppkAPBUaYN1A,  KIW
http://www.youtube.com/channel/UCLLX2WHC3DB1GXV2OzgRiUw,The Gravelist
http://www.youtube.com/channel/UCLMW1yaFf9e5AVow1doCZsA,ElSurProfundo
http://www.youtube.com/channel/UCLSDNNDv-BjpKefW7AglYOg,zepsuj to sam
http://www.youtube.com/channel/UCLaXgfNlVxY149shiA1pykQ,NorthridgeFix
http://www.youtube.com/channel/UCLalk9T_6MeFtiMrhxN48fA,ソエジマトシキ / Toshiki Soejima
http://www.youtube.com/channel/UCLc18B2Tfn1C_suWOCKsMew,Nur Para Todos // Iru Landucci
http://www.youtube.com/channel/UCLdOc9rg5MT2TCxbWLHBzZw,MARIO CANTARUTTI
http://www.youtube.com/channel/UCLfkVhmC00WEnfi2cldSKsg,Egiptomania
http://www.youtube.com/channel/UCLgAoWdjk8RuMUggHSwd9_g,BobCat ТV
http://www.youtube.com/channel/UCLhSonetzKcp8QEQp-hcOpw,LaShamba
http://www.youtube.com/channel/UCLn5Tqh3sIXmh_bb5NoBXcw,CHUCK
http://www.youtube.com/channel/UCLtF4Z4mxVuIj6Pa-88DpQQ,North The Husky
http://www.youtube.com/channel/UCLv60idxAQWbKd9fzJ-ngYw,Universidad de Navarra
http://www.youtube.com/channel/UCLxeCeM9OB8gXc8SRw3P6uQ,Como Lo Arreglo
http://www.youtube.com/channel/UCM-AWvXvybgrQi6loxVI7eQ,Satura Stramoine
http://www.youtube.com/channel/UCM15Z9CqbA2LoFCGlFT-cdg,ピザトルPIZZATORU
http://www.youtube.com/channel/UCM2YmsRUeIbRkqjgNm0eTGQ,Journeyman Pictures
http://www.youtube.com/channel/UCM3MKW-HudjrENmikcxUOHw,Honda本田技研工業株式会社
http://www.youtube.com/channel/UCM8Fbq2YhWIdC5huaO2smAg,Peekaboo Parrots
http://www.youtube.com/channel/UCM9R6-iDy0O8I1Uv5_FCtyg,Estado de Alarma Oficial
http://www.youtube.com/channel/UCMAK8L629MNOHqelUefr22g,isar21
http://www.youtube.com/channel/UCMBq_la7HVauNyM5ReEAAXQ,Sahaja Stories for Children
http://www.youtube.com/channel/UCMEDtUNIm73pq-eKrMF5OLA,Тайган и Крым
http://www.youtube.com/channel/UCMGu1bqFUdRYHuzgSAjFbIA,Festival Rubrifolkum
http://www.youtube.com/channel/UCMP0o_U6wmJ2Zd60N2hWpXQ,PARROT DIPANKAR
http://www.youtube.com/channel/UCMULogYOy_F8-Hg8v2sDmXA,RonjaPehkonen
http://www.youtube.com/channel/UCMV3aTOwUtG5vwfH9_rzb2w,Spark
http://www.youtube.com/channel/UCMakQOgnPzfG8Kstdr3W8RQ,ManageEngine
http://www.youtube.com/channel/UCMbQbVilo-nezMvwf1BZfAA,CienciaDeSofa
http://www.youtube.com/channel/UCMcAwD388CdcgvfIOUuUl2g,Shri Mataji Live TV
http://www.youtube.com/channel/UCMehJkatrBnXQnjQ7dWID7A,ADAC Motorsports
http://www.youtube.com/channel/UCMhFfX9OXeoXDlY5wNwRc_g,Frans
http://www.youtube.com/channel/UCMi3PKQzd_pTwuPGD1BzeHQ,Slands Project - Groove music from Barcelona
http://www.youtube.com/channel/UCMjqUUBpSGfE7sSvxKFKRYw,Destapa desagues
http://www.youtube.com/channel/UCMoKm1ACATfmESLGcD__zaw,Sahaja Yoga
http://www.youtube.com/channel/UCMsgXPD3wzzt8RxHJmXH7hQ,Cartoon Network
http://www.youtube.com/channel/UCMuZ4jGShrhniQkKfSar0PQ,Tridev - Hindi Rhymes
http://www.youtube.com/channel/UCMvWPTqO9riBIHdB3U59ObQ,UNILAD Adventure
http://www.youtube.com/channel/UCMw2r3jqi3yMtZxke1l0egA,Arlam Leyends
http://www.youtube.com/channel/UCN-aBFWvWiPoJEu4gRuex9A,Istanbul Cats
http://www.youtube.com/channel/UCN0FoT84mxQtpQWlOnCvajQ,Marta Salvat Balaguer
http://www.youtube.com/channel/UCN0iPYWU-QG1zzzaf4tPu3g,Doubt or Believe Julian Show
http://www.youtube.com/channel/UCN0p9kL7SLlYD5HnFUy-9XA,Vibes of Cosmos
http://www.youtube.com/channel/UCN1E4_kfYLPGZwNt0bIvuGA,Bamboo / Shorts
http://www.youtube.com/channel/UCN6EzIAFZWAoPUcm791VUwA,Flat Earth British Sub
http://www.youtube.com/channel/UCN8JqVWsdgVx3svFEMWI85Q,WING
http://www.youtube.com/channel/UCN8ux3riD-nT5TYcAIqT5PA,CameraCafé España
http://www.youtube.com/channel/UCN99QszVYYIYAWCQMmU1P8g,Real Federación Española de Patinaje
http://www.youtube.com/channel/UCNA-SySf1EDk6FK-ApqxfgA,ADBHUT MYSTERY 2.0
http://www.youtube.com/channel/UCNHWpNqiM8yOQcHXtsluD7Q,s4vitar
http://www.youtube.com/channel/UCNJcbcOqXHsaVGOJC0OE6AA,Reggie Watts
http://www.youtube.com/channel/UCNPsgl1Mc2WrjKOSwwnAOvw,Alex Ferr
http://www.youtube.com/channel/UCNQfEXT4zWX8L0Czj75zvLw,Pedal Pawn
http://www.youtube.com/channel/UCNSMdQtn1SuFzCZjfK2C7dQ,FortNine
http://www.youtube.com/channel/UCNSxU-knV_C8ftNKMSkS2HA,the roger old school
http://www.youtube.com/channel/UCNUiWXFHaIIK6pw8UClvOrw,planicieterra
http://www.youtube.com/channel/UCNVMQSds_utusRHg_ipPTrA,YES24
http://www.youtube.com/channel/UCNWlwe2BuBuX9cDH6ET5xdA,josevi man
http://www.youtube.com/channel/UCNa4CC5BFfX_aRLe2RAN_mA,McFadden & Whitehead
http://www.youtube.com/channel/UCNccEvT2k5-sC_Yf3X-w7kw,Flat Earth
http://www.youtube.com/channel/UCNdpM5Sv868ca4M8ufpoZmQ,Viajes a lo Desconocido
http://www.youtube.com/channel/UCNe1IMmUrB3QNpgBHSmu6AA,Knives Galicia & EDC
http://www.youtube.com/channel/UCNigxdsLkPqwj-QoYPi6MNg,CycleDrag
http://www.youtube.com/channel/UCNlyfDKbGZ_wzzfN8rkOijQ,PRATISHTHAN Pune
http://www.youtube.com/channel/UCNnEOqN2qcxeSQzBimv7h7Q,Shaun the Sheep & Friends
http://www.youtube.com/channel/UCNnUnr4gwyNmzx_Bbzvt29g,LinuxScoop
http://www.youtube.com/channel/UCNqC6qANm_Q_qUvffnujpWQ,David Kuckhermann
http://www.youtube.com/channel/UCNsm9QcNoxbKkziYLu9I0Ww,Al Tayr Ensemble
http://www.youtube.com/channel/UCNtxzqB-rIWTGvs_fJt3Apg,Valeria Vespaziani
http://www.youtube.com/channel/UCNv_XzUZ1L2snRs8_WNHgNg,Mineral Vital
http://www.youtube.com/channel/UCNx5Y0qCSl3vanWBrrGm-Qw,Yesterday's America
http://www.youtube.com/channel/UCNyC7gsJQvTHycDjCe33zCg,CHINito LEGACY
http://www.youtube.com/channel/UCNyGbxoEo6CQvaRVEvItxkA,Pask Makes
http://www.youtube.com/channel/UCO0BaYRI3h30ZcFCVWc3Xaw,Byron Live Concerts Barcelona
http://www.youtube.com/channel/UCO1BbCuLIJafbLDAzhbD_1g,Drumlly
http://www.youtube.com/channel/UCO1LY2X89Xgw1NG6LAVfcYw,Meiguo International Group
http://www.youtube.com/channel/UCO2gpkWwgxeGvlg5ThMB87w,Loreena McKennitt
http://www.youtube.com/channel/UCO2x-p9gg9TLKneXlibGR7w,Snazzy Labs
http://www.youtube.com/channel/UCO6SuIBGCEbHw0AKHlKqfww,Seven Beats Music
http://www.youtube.com/channel/UCO6UnBll_q160iaFWLFoOZw,newmastersounds
http://www.youtube.com/channel/UCO7yZTjH-v4UeoCSlMyU5eA,Jose Mate
http://www.youtube.com/channel/UCO8DQrSp5yEP937qNqTooOw,Strange Parts
http://www.youtube.com/channel/UCO9Q5_D6tItyoilmDogexng,PublicResourceOrg
http://www.youtube.com/channel/UCOBrPwcxDAlxWVklKGDOoSw,Planeta Trampolí
http://www.youtube.com/channel/UCOHU34pTtFNVUORh8mQhlFQ,FILM
http://www.youtube.com/channel/UCOK_RKB7ErNzkF3_DPfWUWQ,BEATBOX BATTLE®
http://www.youtube.com/channel/UCOMld3LgRLHg0IAACn3CYoQ,Divulgadores del Misterio
http://www.youtube.com/channel/UCONn3cHs5mqgCMqf_a4fcSg,Refika's Kitchen
http://www.youtube.com/channel/UCOOi7JtIMDaYsaUjDBSTSIQ,Minuscule
http://www.youtube.com/channel/UCOP7kv7dFIQzGxqDRuWtUCw,D. Marble (D. Marble)
http://www.youtube.com/channel/UCORHYuPvN2xtkjK_nwq9TKw,meena chauhan 
http://www.youtube.com/channel/UCORIeT1hk6tYBuntEXsguLg,PostmodernJukebox
http://www.youtube.com/channel/UCOUQEQ4NR1iHPww8fM04kRw,ecocolmena
http://www.youtube.com/channel/UCOWZSMjcJo6SjPcWvcu4qaA,Cocinando Corea
http://www.youtube.com/channel/UCOavg1FtdeuyUTLz3wmuIKQ,Brien Foerster
http://www.youtube.com/channel/UCOclpcfrraGkKXRLSZ_H7XA,Associació Dia de la Terra
http://www.youtube.com/channel/UCOg6gGoHrihv0mB95ZURC9A,Fogy Garage
http://www.youtube.com/channel/UCOj0So3ekEwY0CcZp2qfx6w,Willy Manitas
http://www.youtube.com/channel/UCOkGKrUrBem5mfc-RarTqzg,Miracle of Wood
http://www.youtube.com/channel/UCOk_qgWaR7b9JmB1sSI3TnA,GEN3 OWL CHANNEL
http://www.youtube.com/channel/UCOlE7VUMwQHjpZwvhdibEqg,NenecaLuthiersita
http://www.youtube.com/channel/UCOovKrQo1eDFWYWWSyp4K2Q,Hypers kids africa
http://www.youtube.com/channel/UCOss7JNO5qXHsfMOMtDeqvg,ERES EL ELEGIDO
http://www.youtube.com/channel/UCOuoNs5LLUJEhnxz68Xlhfw,Eduardo Mármol
http://www.youtube.com/channel/UCOytR6Nkkg-xHxd7wrc7new,SeaLegacy
http://www.youtube.com/channel/UCP1CQH2PVJv4-glNTuVJl3g,밀키복이탄이MilkyBokiTan
http://www.youtube.com/channel/UCP1ZfPYU0cjhXXnuxlLVhqQ,Musora
http://www.youtube.com/channel/UCP4Pi_6GMGsWEde_MMi0xDA,Sounds of Sahaja Yoga
http://www.youtube.com/channel/UCPC-Flz1zhC7GouC0Py5GIw,Acethetic
http://www.youtube.com/channel/UCPCJV3XMMmdQ6ZJ4JPCf2jQ,José Mota
http://www.youtube.com/channel/UCPDis9pjXuqyI7RYLJ-TTSA,FailArmy
http://www.youtube.com/channel/UCPJM-gPYAvVnXDNFVxIk7tQ,Jezabel Martínez
http://www.youtube.com/channel/UCPJXfmxMYAoH02CFudZxmgg,Paul Dinning
http://www.youtube.com/channel/UCPKJWLeRCJaD4enhMiqeoEw,King Floyd - Topic
http://www.youtube.com/channel/UCPLJe9RVwri4oyT_bl-20Ng,Jose Luis Cayuela
http://www.youtube.com/channel/UCPN6irtK3KIT2xUdQYQmh5Q,Jason Maher
http://www.youtube.com/channel/UCPOBve1HFG6WrA2TPxGNlFw,salmaji
http://www.youtube.com/channel/UCPQSVmzeEg9pBdrB2udaT1w,Viral Paws
http://www.youtube.com/channel/UCPSwotdUs5vI2MUU1N5PGJQ,フカミマコト / Makoto Fukami
http://www.youtube.com/channel/UCP_k5WdrOOuWaThTU6MDonw,David Gilmour
http://www.youtube.com/channel/UCPesecj2UJY5WtwVHIoJfBw,Sahaja Online
http://www.youtube.com/channel/UCPiICo4ClvnkuJlkTC6-3PA,Squirrels at the window
http://www.youtube.com/channel/UCPiWIjwDZQo3UobMqvi4ggg,Cirque du Soleil
http://www.youtube.com/channel/UCPkmAW_xcwTTE7IRXv2Tnvg,Qui hi ha?
http://www.youtube.com/channel/UCPl2RYo0lLLqj8RaEADYclg,GroundUP Music NYC
http://www.youtube.com/channel/UCPtFz3FFiDqPTogcgVAnxiQ,Dirty Kitten Family
http://www.youtube.com/channel/UCPxifcI6puQ6SUhtzimF6yA,xianvi2
http://www.youtube.com/channel/UCPyOCZwyrA_IeZZLPslt3rA,Taysider
http://www.youtube.com/channel/UCQ06CwcGCG6MqXEwoE-eWRQ,Shivkumar Sharma - Topic
http://www.youtube.com/channel/UCQ2HyGL5CtqstVVnAJwRxdg,Jackie chan Español
http://www.youtube.com/channel/UCQ3h_JrL6nQnF7oNY6t7zIw,La Oveja Shaun
http://www.youtube.com/channel/UCQ3zNtUFa8nSG1Tncsr-cWQ,JC Gigamisterios
http://www.youtube.com/channel/UCQEBBPb7icUQo6iCEpdrkzg,Drummer Ami
http://www.youtube.com/channel/UCQKVrulyAbdRvZQnRzT4A7Q,Kiss Tutorial
http://www.youtube.com/channel/UCQP4glbdmp8gAz1qdY_CuCA,Martí Serra
http://www.youtube.com/channel/UCQQ3ywix1nJY-zyp6g5R7fQ,SkolgeaR
http://www.youtube.com/channel/UCQRZZv2ZCArK5P1QsOEFP_g,Learn Sahaja Yoga
http://www.youtube.com/channel/UCQWPc-n_8Ld3v94MeQHPxrA,El canal de Korah
http://www.youtube.com/channel/UCQabGc72xxRNSiLkvSYQzrg,Creality Jesus Saves
http://www.youtube.com/channel/UCQhbp52zX0ySztdZ5Oi1rXQ,UFO Sightings Daily
http://www.youtube.com/channel/UCQn0htw_DdL_sb4vJEeI0lw,Pwine Switzerland
http://www.youtube.com/channel/UCQqC08JWnJGJIgw43XJ0GXw,Cory Wong
http://www.youtube.com/channel/UCQqWeF0zckAam6lo61oyhnQ,Academia Sueños
http://www.youtube.com/channel/UCQrYBVmH3Gz9IO5ryXIGhdw,Natural Portraits
http://www.youtube.com/channel/UCQtjJDOYluum87LA4sI6xcg,Mr. Hacker
http://www.youtube.com/channel/UCQzq87H12oXmhXPNNArVBPQ,Marco Machado
http://www.youtube.com/channel/UCR4OWSFn2ULqLfqwR3R4sjA,Solution Hai Na
http://www.youtube.com/channel/UCR4gx7RvquWH3T63Nq5aLaA,Iguana Custom Garage
http://www.youtube.com/channel/UCR6TFcPGZZRL0Jw17Fd51RQ,Don Dworkin
http://www.youtube.com/channel/UCR7ouEaw4LsHufUWGnN5t5Q,Sergio Gallego
http://www.youtube.com/channel/UCR9WtAVjPaqQ5qEhC2Zlw3w,NEVIZA TV TRAVEL CHANNEL
http://www.youtube.com/channel/UCRACe15M409jGL4s-3Jmsfg,Simonrack
http://www.youtube.com/channel/UCRAESsA-K91V1N8k9U3xQWA,Life is a Journey 
http://www.youtube.com/channel/UCRAFplJ4UGiN86otx8BS7EA,CINETEL MULTIMEDIA
http://www.youtube.com/channel/UCRBBKGw51bKPMYe2okA5RMw,Shrewsbury Folk Festival
http://www.youtube.com/channel/UCRFJclFblUdyXGdKLuWsfGQ,Doodle On A Motorcycle
http://www.youtube.com/channel/UCRLRpTIepjjFp62KHrl3wyg,Sacla' UK
http://www.youtube.com/channel/UCRO1LCD83uITRY5G_FGflDQ,"Juanjo,el Cerrajero "
http://www.youtube.com/channel/UCROce9ZCzSo7opHcQdAtx0w,WangZhiming
http://www.youtube.com/channel/UCRQJXvD6BzqAt1xQPcwxP_Q,Facil con Huanlu
http://www.youtube.com/channel/UCRRtZjnxd5N6Vvq-jU9uoOw,Shi Heng Yi Online
http://www.youtube.com/channel/UCRTQN476CPDQXFuTwTvz5JA,검치단
http://www.youtube.com/channel/UCRVu09lTUXK9l3ETSzAoazA,RootFlute
http://www.youtube.com/channel/UCRYCKryrawcorfA86tGPIcQ,失敗 TV - 高級車事故
http://www.youtube.com/channel/UCR_SZLwuBGg9Vpl_HNihCdA,Proved Records
http://www.youtube.com/channel/UCRdAys7qI1NaAjtIW9kXJ3g,Nordic Ants
http://www.youtube.com/channel/UCRf9Ny0JwR35SNgswGLedOw,Live Today
http://www.youtube.com/channel/UCRfq3lviF8ENzMW9dbUmR-w,El camionero geek
http://www.youtube.com/channel/UCRhvOUxLrudkPhTi9QVUUTA,Visioneers - Topic
http://www.youtube.com/channel/UCRiNuxAe-uXpyOGU-V1x-aQ,TheRememberDance
http://www.youtube.com/channel/UCRiUAbRwEStwivSmyhRKGVA,Krcko
http://www.youtube.com/channel/UCRkRbHBMAQ3wfFb9xUydZuA,La Fauna de Flamingo
http://www.youtube.com/channel/UCRnt3WDhjHT30Xs5h9w3gqg,Discover Agriculture
http://www.youtube.com/channel/UCRnzPkjNeL2jLU-CimMPLgA,8K Videos and Drone Footage
http://www.youtube.com/channel/UCRo3Cs2laaMWu5V5uRqWnEQ,AEWAR
http://www.youtube.com/channel/UCRrMYKdKqEWiy_L-rn8RUbQ,Freeflight808JD
http://www.youtube.com/channel/UCRukOEjVj1tnM1DEXQ17jog,Stilo JB
http://www.youtube.com/channel/UCRwA1NUcUnwsly35ikGhp0A,Noticias Telemundo
http://www.youtube.com/channel/UCRwHT3cHm1uNqaa1ITzUwqg,Australien Skies
http://www.youtube.com/channel/UCRwJlRqYxvdGOtrza0C24yg,古韻流芳 - Traditional Chinese Music
http://www.youtube.com/channel/UCRxAgfYexGLlu1WHGIMUDqw,JunsKitchen
http://www.youtube.com/channel/UCS25Y-2DUke9uOU5OtLwwgg,Linux Tex
http://www.youtube.com/channel/UCS2SVFHUkMd6ukUcIfvmCsQ,1Media 
http://www.youtube.com/channel/UCS3GdBskN1x8JEPyUdaM1Kg,Ted Gunderson Canal en Español
http://www.youtube.com/channel/UCS4AnNjL0EOPkPFx9sbZ8DA,Knot Master
http://www.youtube.com/channel/UCS5gWLAaKdiLQb0m_FGxCDg,Canal Iker Jiménez
http://www.youtube.com/channel/UCS7H8U-n5mINVJjJsaRtGHg,Shaun the Sheep Official
http://www.youtube.com/channel/UCS7LQJX59ReBohCQMiO6BJw,MICROTECNICA
http://www.youtube.com/channel/UCS8Dl-2b2NJy4NM_NZBYNYw,MadScienceGroup
http://www.youtube.com/channel/UCS9JV-OmWlIn7vROXZ38Dew,GlassDuo - Glass Harp
http://www.youtube.com/channel/UCSC4UQ9S93XKvsiyfzGAmxQ,Jamón Lovers
http://www.youtube.com/channel/UCSE-HgtllobqlkeEC6uP3Ig,Tips 365
http://www.youtube.com/channel/UCSE6yilNScIz1SLTNQvrXMw,Vinheteiro
http://www.youtube.com/channel/UCSEXnXEOJRT7Sxy5sC4UX1w,BoostUpStation
http://www.youtube.com/channel/UCSGAKoBpUJI5jrJLgFQxiiw,SynthMania
http://www.youtube.com/channel/UCSHtCMgMEpF1D3wfJN0UOVQ,Aksel Frank
http://www.youtube.com/channel/UCSJxT_2KoMS8vHnVrqk3OPQ,"Woodworking, DIY, and Review Videos"
http://www.youtube.com/channel/UCSKZ0ByxTpKdyoAfqOqA95Q,John Ziegwied-Front & Center Concert Videos
http://www.youtube.com/channel/UCSN7R7sDkoXfrx8gRdITr0Q,Elevator Music
http://www.youtube.com/channel/UCSNkSf4pa69BvzUmT-Z7iUA,Terapias Integrales
http://www.youtube.com/channel/UCSPJFkqx0tDcYZ8qT0ze1rg,HeyHow
http://www.youtube.com/channel/UCSSQCyz-qyFExWT7dNOs6rg,Agua alcalina de Alcavida.
http://www.youtube.com/channel/UCSSY40z-3yXLMV-ohCbEbzg,Randy Trevor
http://www.youtube.com/channel/UCSUu1lih2RifWkKtDOJdsBA,NASASpaceflight
http://www.youtube.com/channel/UCSW_94RHeiHPN0xGogYfR4w,ZoD Z
http://www.youtube.com/channel/UCSXWt3Q5KZPTo_3Xjh-gkVQ,Brett Novak
http://www.youtube.com/channel/UCSXkZSW4yHU00tdzlYGWApg,Copenhagen ZOO
http://www.youtube.com/channel/UCSYEVh6f3ev911pXyILYguw,Canal DISAEL
http://www.youtube.com/channel/UCS_FY5mR4g22L_E9t1D_ExQ,jeranism
http://www.youtube.com/channel/UCS_gQ2763DquK5PkLqbO59w,Tomb of EL-lumination
http://www.youtube.com/channel/UCSbJg5TonXKrqYeeoLOInbw,kekudoo
http://www.youtube.com/channel/UCSdERBXVoOmV1wkHGG8pOhA,Manu Sáez
http://www.youtube.com/channel/UCSdGTr48ea-dKzR8GBNZ5Dw,The Yorkshire Stone Dresser
http://www.youtube.com/channel/UCSdX8vt4nM1Su_cJXXOQ7mA,Aimé Leon Dore
http://www.youtube.com/channel/UCSmKy_pd-WYim076ME2Zxcw,MISTERIOS AL DESCUBIERTO
http://www.youtube.com/channel/UCSn8nUN_eJrVBLaOg9D5HjA,Andres Masier
http://www.youtube.com/channel/UCSnwORddxZG1SyB8lSxWQGg,YBS Youngbloods
http://www.youtube.com/channel/UCSoHFTtzySZicjAyw0Mr2_g,Dern Brothers
http://www.youtube.com/channel/UCSsedcaHSeWYYwraUIt67HQ,Behind The Stunts (Behind The Stunts)
http://www.youtube.com/channel/UCSsz5hijS79cioRCJcZpW2A,Auto didactic
http://www.youtube.com/channel/UCStdDFyv94_yDffkAAU_rsQ,kshitij4sy
http://www.youtube.com/channel/UCSvaaQGkoOmISS54UCITg4w,La Granja del Borrego
http://www.youtube.com/channel/UCT108URHFhUZHMP-YtBppJg,Inventos Con Reciclaje
http://www.youtube.com/channel/UCT1ZGQTJXt9P_8x6WZ48R4A,seektruthandwisdom
http://www.youtube.com/channel/UCT1_kyQGZ0yM3ygtP8moupQ,Bonsai Facil
http://www.youtube.com/channel/UCT3e9o2_iyb1hnNrQZBtLZw,Move 78 - Topic
http://www.youtube.com/channel/UCT4KnKRhk8j4cCzTUVb3iiw,Aprender Inglés Americano
http://www.youtube.com/channel/UCT8bfhHNY_g4M_xx_sPtRww,MOTO VICE ADVENTURE
http://www.youtube.com/channel/UCT9NyHFa63LosbpTXC6EArw,Record Craft Art
http://www.youtube.com/channel/UCTB_g5GqPhbkdS158iIEAFA,カメラに賭ける青春
http://www.youtube.com/channel/UCTDi0otD7xBt77XGPKZIECw,Igor Gnomo
http://www.youtube.com/channel/UCTDiFf4-s7TaNOOC2AwsqEw,Pablo Vega
http://www.youtube.com/channel/UCTKHRuyJx6oCIvsfmfvmy9Q,Cocinando con Cookpad
http://www.youtube.com/channel/UCTNpZ3QiR7G6059TFbHObzQ,CATALUNYA ÇELTA
http://www.youtube.com/channel/UCTP3tDNvvY4d-qXGVYabS8g,Draw Fast
http://www.youtube.com/channel/UCTSUQm1SOjwmXkmFvJH7Z1Q,Mystery Planet
http://www.youtube.com/channel/UCTTQAOiR_0DuyQPZ6Dg-LHA,Beyond Origins
http://www.youtube.com/channel/UCTVUofcWAAR89kT1r45-b0Q,Neal Sugarman
http://www.youtube.com/channel/UCTVaalXSOt419ccBCKbLrBA,Dalem Gumino
http://www.youtube.com/channel/UCTW3S4K0XXdsuqDwAKNJDgw,Robert.Helfrich.guitars
http://www.youtube.com/channel/UCTWNy6AbrwD301srlFRXQoQ,Virat Online Collectivity Sahaja Yoga
http://www.youtube.com/channel/UCTWpHjcOgtFOr_Bq8zpuDIg,Porsche Sixt Carrera Cup Deutschland
http://www.youtube.com/channel/UCTXy0hGmwjnoCPYn7zJ4RyQ,Cosas del Jardin
http://www.youtube.com/channel/UCTZKDUyZooutDd3RUR69I1w,Bjorn Steinbekk - A guy with a drone
http://www.youtube.com/channel/UCTbj-F3Lmzq-JllSOXf7OOw,My Picky Monkey
http://www.youtube.com/channel/UCTeaCfGLItytCMsU1DQ7Wsg,Paul Cook
http://www.youtube.com/channel/UCTiISBXwvD2moIFVr3y2fUg,SahajaYoga Talks & Music
http://www.youtube.com/channel/UCTl8bLnzuZzID1kIhpbS5vQ,Flatbush Cats
http://www.youtube.com/channel/UCTnnGR_hZ3h3G9uPwSQJgDw,blackpalmcockatoos
http://www.youtube.com/channel/UCTwBtyoJyyNWQA7UTTcEAKw,Chainthecomposer
http://www.youtube.com/channel/UCTwv_gUDXQ-6eHlv5uqfsfA,Alien Truth
http://www.youtube.com/channel/UCTyQ5_2_cUQovmKHiOcEgCA,LIZALTV
http://www.youtube.com/channel/UCTzLRZUgelatKZ4nyIKcAbg,Hardware Canucks
http://www.youtube.com/channel/UCU0LJ9et5Tb3m7COFzShgLg,Robert E Fuller
http://www.youtube.com/channel/UCU0rIMU3k_AsVA8d6N1B03w,Warner Bros. Classics
http://www.youtube.com/channel/UCU5s1FrpqIRuwNos905mGDA,Centre Artesà Tradicionarius
http://www.youtube.com/channel/UCU6qZI7cgaP6KR3ucPiSs9w,Sahajyog TV
http://www.youtube.com/channel/UCU876E5XzldL34k0ZtY3o9g,Daniel Rodriguez
http://www.youtube.com/channel/UCUCzRxvntFYTQigcty8Bbbw,Alvaro Barrientos Montero
http://www.youtube.com/channel/UCUHaUmPKZXT0YN7h1RJKN5A,Geethanjali - Cartoons for Kids
http://www.youtube.com/channel/UCUJAClwk8J5bw2S7le3hA8w,Underpool Music
http://www.youtube.com/channel/UCUK0HBIBWgM2c4vsPhkYY4w,The Slow Mo Guys
http://www.youtube.com/channel/UCUQo7nzH1sXVpzL92VesANw,DIY Perks
http://www.youtube.com/channel/UCUSiWX2jnPcT0K-smDhT9eg,Astronomiaweb
http://www.youtube.com/channel/UCUYEnoZ2O5MUeJ2EHLGcCTQ,Eliseo López Benito
http://www.youtube.com/channel/UCUZkVRcbC_T6j3kWnTFC7BQ,La Cata Musical
http://www.youtube.com/channel/UCU_6Yn64w8kPqt51E087_Tg,Supafriendz - Topic
http://www.youtube.com/channel/UCU_nlLzlVPFLJxB_iEwtwBw,Michael Moore
http://www.youtube.com/channel/UCUcWguV9it93wMVzkOBPrAQ,Penguin DIY
http://www.youtube.com/channel/UCUdXKBcpjJH8v1-8Y0fYWPw,Quantum Dream
http://www.youtube.com/channel/UCUdYzKDNcmv3zKLcH2G79GA,gomaespuma
http://www.youtube.com/channel/UCUeWL4kRKO8g3OQgN8A9beQ,Chef Stefano Barbato Español
http://www.youtube.com/channel/UCUfJgwg-liyTqsxEwJjb6ag,Mob Grip
http://www.youtube.com/channel/UCUhfd3iG0x1Wy9-EoY6CSWQ,La Educación Prohibida
http://www.youtube.com/channel/UCUi4Mcc3rTRzUyS19UsEaIw,TOKYO GROOVE JYOSHI
http://www.youtube.com/channel/UCUijdXAu37tSnsm542CA5dg,"Hugo Alejandro.Luna"""
http://www.youtube.com/channel/UCUj71uYOugWrSV-MS1JjefQ,Sohail Karimi
http://www.youtube.com/channel/UCUlZ8pvnxfETENQKwRnz0ZA,John Zhou
http://www.youtube.com/channel/UCUnEPxtH-VK95tLOLsiGUFQ,INSÓLITO DE COLECCIÓN PARAUFOLOGIA CON RAFA MERCADO
http://www.youtube.com/channel/UCUpNXdiltjlODgIIQSUXYCg, - ROMI Garage -
http://www.youtube.com/channel/UCUpbgPbDccjoB9PxI-nI7oA,Wu Tang Collection
http://www.youtube.com/channel/UCUqcpFWlR_JZd0KWLWcI2XQ,HUATO TRIP
http://www.youtube.com/channel/UCUtWNBWbFL9We-cdXkiAuJA,This Old House
http://www.youtube.com/channel/UCUuXc8j7Wk6xNeYtnRYvvwg,DevelopAKR
http://www.youtube.com/channel/UCUvxiMsb88pERPg_paHNKfg,Ricard Ros
http://www.youtube.com/channel/UCUx5f2QMvd5K9FFfa4N7Vew,UNIDENTIFIED
http://www.youtube.com/channel/UCUxc0iEpV8wZV4WLOui0RwQ,Gabriel Iglesias
http://www.youtube.com/channel/UCUzgpOgFQOdISf4rjYgZtfQ,Rutvik
http://www.youtube.com/channel/UCV4vlncJ4E0MwLBDxrpLl4Q,ISRAELITA TV
http://www.youtube.com/channel/UCV6uX1lhCEuqDg5jwm2v_IA,John Thor 1
http://www.youtube.com/channel/UCV7Emrwi_1VXQochY7qlUyQ,Classic2909
http://www.youtube.com/channel/UCV89PIJRsTLAOMQUdFmo--g,Boone Bake분베이크
http://www.youtube.com/channel/UCVBGVk7ESDrHWzY5e6gtLjA,ZornTKraator
http://www.youtube.com/channel/UCVCTOKOsQ30njQQ7QpeS6Vg,spaceXplained
http://www.youtube.com/channel/UCVGTgXC1P--xM480Z6DqyAg,Go Wild
http://www.youtube.com/channel/UCVJ4zeC6bc5Yx1nPiUZ2csA,Opera
http://www.youtube.com/channel/UCVKLRaKItPV8CKTmqNemZrg,Fixer Motos
http://www.youtube.com/channel/UCVLdF4QMY4lq1KbWmDxIoig,Tau Ensemble Official
http://www.youtube.com/channel/UCVOnEVitpCBaCQ1xFU3mUYw,Mariano Zavala Origami
http://www.youtube.com/channel/UCVRqi9QYzx7vv3YbJ-LSXgA,El Camino Ancestral
http://www.youtube.com/channel/UCVV1X-VfXozGyXT8J_diUgQ,La Verdad nos hará libres
http://www.youtube.com/channel/UCVfpLvhgjyhGWtV6viQijDQ,DRUMMERWORLD by Bernhard Castiglioni
http://www.youtube.com/channel/UCVhhaxHCF9WoRz-Y0EC060Q,Estado de Alarma Uncensored
http://www.youtube.com/channel/UCVhsMS7Yvz08nyWaOOif3qQ,Donde el Silencio Respira
http://www.youtube.com/channel/UCVkY_h7OpubhSihrXb5Nrrw,Jorhete en Honda
http://www.youtube.com/channel/UCVkhiCGmBavDomRuCKT79jA,Oixxo Art
http://www.youtube.com/channel/UCVl9F_a0502MHWojj445QsA,MOTOBOB
http://www.youtube.com/channel/UCVlCc68gBOsvnlFHTCOywtA,La Piedra del Misterio
http://www.youtube.com/channel/UCVoPmybcN0juJPjW4Mdp-Ug,Festivalet de Circ Manresa
http://www.youtube.com/channel/UCVuM9h8BjTIQOhbFBUeUXpg,Pocket Skate Mag
http://www.youtube.com/channel/UCVxOeydCfRkJuHF3-M7i6wQ,LOVISOVET
http://www.youtube.com/channel/UCVyhGTBSUMPSoYkV9NoPl6w,loogieone
http://www.youtube.com/channel/UCVyzMKgKqE04ZEIA5jdXQ1g,AL KING WORLD
http://www.youtube.com/channel/UCVzKsltd_XK5GTTYPV4fR7g,Cement DIY Ideas
http://www.youtube.com/channel/UCW2OTndt87uoRBlUsRcbeoA,Бельчонок в доме
http://www.youtube.com/channel/UCW3iVpk5l1EuJc8p2EIAFRQ,TiparracoSA
http://www.youtube.com/channel/UCWA9P4BPBQJ2amljvdYwnPg,Gwendal - Topic
http://www.youtube.com/channel/UCWB7tRy2q0l5PkpeiXaP5-g,Los Informes de Mario
http://www.youtube.com/channel/UCWDBhNCiakcyQhCFjjhVwLg,DUSA
http://www.youtube.com/channel/UCWFKCr40YwOZQx8FHU_ZqqQ,JerryRigEverything
http://www.youtube.com/channel/UCWI70VlhoBiCvhmDMQle9UA,Vicente Fuentes
http://www.youtube.com/channel/UCWLMsxdjp1sI-Ph2wkIGFtw,NerkiumRider
http://www.youtube.com/channel/UCWLvrzGnMYA2zvWiX2dV2rQ,Autogestiona tu Salud
http://www.youtube.com/channel/UCWNgC26ZqRWX4BtRnVW5T6w,Volkan Yuksel
http://www.youtube.com/channel/UCWNtk2DygOe3uIYex16XNCQ,FreeMeditation
http://www.youtube.com/channel/UCWOA1ZGywLbqmigxE4Qlvuw,Netflix
http://www.youtube.com/channel/UCWOdLXYHD_qtNTL1pv9G3gQ,Ustad Asmat
http://www.youtube.com/channel/UCWRne-sT9rTCLA9YJic1cmw,antya11
http://www.youtube.com/channel/UCWS6Khgiq4P622ieL3srkUA,True Story Documentary Channel
http://www.youtube.com/channel/UCWT6-qRz6dxdQ3SA48Y5rwg,J.J. Benítez OFICIAL
http://www.youtube.com/channel/UCWTgK00SCKKNgpbsAgqzUxw,This is Bailey
http://www.youtube.com/channel/UCWTj3vCqkQIsrTGSm4kM34g,Scott's Bass Lessons
http://www.youtube.com/channel/UCWV7wmx6FIdTFurDHNfaOhg,CIA PAKIPAYA
http://www.youtube.com/channel/UCWZadwuROf5IBL8a8cxW1Pg,KH DIY factory
http://www.youtube.com/channel/UCWdQRX84WtB0qMQ045MfL2Q,PaaKowTV
http://www.youtube.com/channel/UCWfyzz8CmYYer2cKRoRt-9g,Serengeti-Park
http://www.youtube.com/channel/UCWjH4whc2s8lLFd1b779ufA,Planeta Snakedos
http://www.youtube.com/channel/UCWlFdrX01S3LfnOa2A8MGog,BolotDuario
http://www.youtube.com/channel/UCWmA8jLKRHgeUGPPvmG85Yw,Wildbeast 2
http://www.youtube.com/channel/UCWodjZbXgppuoUjlw8Ya5-A,Nine Lives
http://www.youtube.com/channel/UCWqFQ_FXtymE-tMtwjT4eZw,ZenTheGeek
http://www.youtube.com/channel/UCWrTCcdV3MoA3eiO3LRSIvA,Southern Fire Guitars
http://www.youtube.com/channel/UCWt9oGKOq7RyirBmiYJwWKA,JOSÉ ORTEGA
http://www.youtube.com/channel/UCWuLbEABJ8AmK7H_2bA8Y-w,BEATPELLA HOUSE
http://www.youtube.com/channel/UCWxl6JH0KeEVha1s2dxQ_Ng,動画太郎
http://www.youtube.com/channel/UCWzYWq4-Ft6gQq3VupvvYXg,MATIAS - ASMR
http://www.youtube.com/channel/UCX159cvbQYBvMFvpdsbIDdA,PowerThoughts Meditation Club
http://www.youtube.com/channel/UCX1v-zaMxcg4OAaLs7GAT8g,DocoBase
http://www.youtube.com/channel/UCX43br3SeqQ5P6UK1QdpQBA,Lovely Kitten
http://www.youtube.com/channel/UCX6Ji8A87G65Kqt4teQgTFg,REVELACIÓN CÓSMICA SEMILLAS ESTELARES
http://www.youtube.com/channel/UCX6l0X2xSgXd3_GOttOLVVQ,acens
http://www.youtube.com/channel/UCX7mQRe9tNs3nZQ-PR7-8mg,Sahaja Yoga Ashram Dharamshala
http://www.youtube.com/channel/UCX98LFTMIIDPWHc1oaWG1jw,wood wood
http://www.youtube.com/channel/UCX9_Ks1MXuwXCmtt0fOFsxA,RIDE Channel
http://www.youtube.com/channel/UCXBNSJUVyiLBNxctBpJkakw,ELTRICICLE
http://www.youtube.com/channel/UCXCuRrfAVE0943613doDsCA,tommy guerrero
http://www.youtube.com/channel/UCXD7XRmNQDmzJTqXaujTDKg,Todo Huerta y Jardín
http://www.youtube.com/channel/UCXDG9ue-emCN8Ad3h7lERqQ,One Sports
http://www.youtube.com/channel/UCXEC9u5IgoHOXDgCWbguTRg,FECORE Inc
http://www.youtube.com/channel/UCXEz5kWLKcYPRaghWXON-MA,한울공작소 HanOul-Workshop
http://www.youtube.com/channel/UCXHxhxIyYLQheVPE6SMF2Cg,Escuela de Salud Integrativa
http://www.youtube.com/channel/UCXIovaBdnA4UHdd-TZ-MqRg,GLOBEBUSTERS
http://www.youtube.com/channel/UCXL8AQAyGu-g2YSG7QzDBIg,GÜLSÜMÜN SARAYI TV
http://www.youtube.com/channel/UCXQrPRHIPXdH9QuYOCGJ-NA,Sahajayoga Meditation
http://www.youtube.com/channel/UCXV8HmDQt2akopxAQQt3oeg,LA CAJA DE PANDORA
http://www.youtube.com/channel/UCXYGUeekJCrBpM32yaJpjRw,Wallace & Gromit
http://www.youtube.com/channel/UCXYJUCakEubmiJVs9eNQgAg,7thwonder01
http://www.youtube.com/channel/UCXaoBjkU4IZGq47552QPK1A,Museum of Indian Arts and Culture
http://www.youtube.com/channel/UCXbzirbkybMpRJ8TgidMeuQ,Funniest Animals
http://www.youtube.com/channel/UCXjEfUgA6N6KQhVea_fRqmQ,Ram Informática
http://www.youtube.com/channel/UCXlKeB8bekPi6fW8302mSmA,Universo Conocido
http://www.youtube.com/channel/UCXqlds5f7B2OOs9vQuevl4A,Red Bull Bike
http://www.youtube.com/channel/UCXqrXtF9DiXVmfB4X8RX6gA,Bratia
http://www.youtube.com/channel/UCXry-l4XU1_NYyxW8yPJAMA,Zerimar Supervivencia
http://www.youtube.com/channel/UCXrywvzmNs6IdkEZLE0_aEw,BE SAHAJ
http://www.youtube.com/channel/UCXt1W7pvA8fFVAZPlVb6MNA,J.J REVENGA
http://www.youtube.com/channel/UCXtAjWcKn3gNsCUxVg4DBig,Всё по Серьёзному
http://www.youtube.com/channel/UCXtxgWwk55kVJo9lCCZRdmg,Veritasium en español
http://www.youtube.com/channel/UCXxqi4uziepf7CPoMC0JJxw,Glove and Boots Archive
http://www.youtube.com/channel/UCXzscz3RN3wzT0C_Yr6bIqQ,El Abismo
http://www.youtube.com/channel/UCY-AvdvDI9LskSyLzT9G_fA,Bass Tunes
http://www.youtube.com/channel/UCY1kMZp36IQSyNx_9h4mpCg,Mark Rober
http://www.youtube.com/channel/UCY3EUQw81UipZabSpCNzzuw,danilopezs
http://www.youtube.com/channel/UCY8QJiwIqpr9Oz_Phs6zM6Q,Maria Annikova
http://www.youtube.com/channel/UCYA3ErHXiiufRE03fLwcLoA,Jackie Venson
http://www.youtube.com/channel/UCYB6UxeSTHJyEMq-clobnrg,VICE en Español
http://www.youtube.com/channel/UCYCIUHK8ACrACeZQiar4TlQ,skywatch413
http://www.youtube.com/channel/UCYCcpOYuYZzihU0XJXnk1yw,Fixing Things
http://www.youtube.com/channel/UCYEk6HQ3GRVifSmatjR3c4w,Ripon's Art
http://www.youtube.com/channel/UCYElmr7ehQmsiwtOMUkOuGw,Yohanan Díaz Vargas I Reportero e Investigador
http://www.youtube.com/channel/UCYGC2q-BQgKA4CbcjG8tEOg,SXIN
http://www.youtube.com/channel/UCYGQBeOpz9kKzCEH3GcBIsQ,Natrastomacerus
http://www.youtube.com/channel/UCYHH2O-3PPL_o7nP7IBhwng,Geethanjali - Indian Classical Music
http://www.youtube.com/channel/UCYJXcXh85KSLmndMUDpkYeg,Kateryna 🎻 Swiss Violin 
http://www.youtube.com/channel/UCYLvez8lGNrHr8cUYh31EKw,Nirmal Shakti Divine Tunes
http://www.youtube.com/channel/UCYLwzvWOtCzRrib1UQDDzAg,Ben Millam
http://www.youtube.com/channel/UCYPWezCCOhSR0ZmDEWLKhJQ,SAHAJA YOGA GREECE
http://www.youtube.com/channel/UCYPgRawTD61mYx9pGjJuwqw,霎哈嘉瑜伽 SAHAJA YOGA
http://www.youtube.com/channel/UCYQMUfsbmKHu5lkoozpvmXg,Entertainment short video
http://www.youtube.com/channel/UCYU_OxL-UOZtMS4KzU7Bx7Q,WhiteMinar
http://www.youtube.com/channel/UCYVn8egBql3yIqwdTJan2kw,La India Increible
http://www.youtube.com/channel/UCYYzYTsyQA-Rj_X64VHNqyQ,Quinton Biotech Labs
http://www.youtube.com/channel/UCYZ2HYSSB8gL8X41DSJIi4Q,MPH Motos
http://www.youtube.com/channel/UCYbH_4lkGimn2mkZmYBXZgw,3Frames Studio
http://www.youtube.com/channel/UCYenDLnIHsoqQ6smwKXQ7Hg,#Mind Warehouse
http://www.youtube.com/channel/UCYg1I9derLdDWjm0I2zMFUQ,Escola de música L'ANTÀRTIDA
http://www.youtube.com/channel/UCYnfmeiFtH4M3ZF219Orpwg,Oleandole
http://www.youtube.com/channel/UCYs9bcL8XO8GLX_ZPzccVFw,Canal REDMÁSTV
http://www.youtube.com/channel/UCYvMZoUUnHPhTGB-sGDcg_A,Profe Nicolos - Especialista en admisiones
http://www.youtube.com/channel/UCYwDp3hlpvvUNY--qI_lpLg,New Atlantis Full Documentaries
http://www.youtube.com/channel/UCYwKE4GfkZEiOhFhFAVlxTw,POWI EN RUTA
http://www.youtube.com/channel/UCYxWiW5Py2mp-tfYhSDG2mQ,The Penny Farthing Racing Channel
http://www.youtube.com/channel/UCYxhhlA-a4_9241xgN6_hdg,Wildest Kruger Sightings
http://www.youtube.com/channel/UCYztcY1YHbAscyJlUVYbS2A,HTCMania
http://www.youtube.com/channel/UCZ45UoqqtwXQfMXAUGqlMxg,Bikes I Like
http://www.youtube.com/channel/UCZ9DOqpGkqSB7stjeCbgRNw,Nur for All
http://www.youtube.com/channel/UCZA8mML00_crenv7WPXCPvw,Tilin el cuervo
http://www.youtube.com/channel/UCZCyUnHuMwILHtIS2BhdMiQ,remarkabledew
http://www.youtube.com/channel/UCZG-1rdoUHrIGw5kO29sKqw,NPT REDPILL
http://www.youtube.com/channel/UCZIE_4vM_VsYwIw1LyvosOg,Seiji Igusa
http://www.youtube.com/channel/UCZILSr4FXBnXG1pQyOnWl6Q,AVENTURISTIC
http://www.youtube.com/channel/UCZIt_aqvoRCrWifA1Fe9roQ,Slooh
http://www.youtube.com/channel/UCZREhoGsnhtTG4Ga9dg3kHQ,Grand Performances
http://www.youtube.com/channel/UCZT-5dCCJGVR9Pk6_kCVTiA,Bruce Lee channel
http://www.youtube.com/channel/UCZXk0hDQWjtcKWcXYvqLuyA,The Dubliners
http://www.youtube.com/channel/UCZf3wEugCbSW3GX9HvjPmRQ,British Automobile Racing Club
http://www.youtube.com/channel/UCZfRmpGvxEtsUPrQqNCpkOQ,Vitalii Tereshchuk
http://www.youtube.com/channel/UCZi3wFHh5C8UEmojutpT5_w,MotococheSL
http://www.youtube.com/channel/UCZiGGE0e0DctISlShAILbjQ,Marcin
http://www.youtube.com/channel/UCZmPpmweoSmxFKQTn8lVHCw,Iván Ferrero 
http://www.youtube.com/channel/UCZmRtjFOEGGGw_wmu24n9og,TopRelaxMusic
http://www.youtube.com/channel/UCZnUQMA-YTU7i4ahaR1n_EA,Eunoia Kolektiva
http://www.youtube.com/channel/UCZs3Rgy4ab2or0GZVdbRX1g,Markus Hibbeler
http://www.youtube.com/channel/UCZuemrGZc68ABiU1awaSqRw,Jose Perez
http://www.youtube.com/channel/UCZuxoViRApPFmWKozzdB4-Q,Sahaja Yoga East Sussex videos
http://www.youtube.com/channel/UCZvo8TZtUZkLgiH3rJsj-Ow,BERNTH
http://www.youtube.com/channel/UCZyBbhRA-AuY4WD0utpEROQ,Sonidos de América
http://www.youtube.com/channel/UC_3NFWdIB9zynGX6K920wKQ,vigilantes bilingues
http://www.youtube.com/channel/UC_C3RqmMmcWf-4z6Byx6Jow,ThePrawah
http://www.youtube.com/channel/UC_CFv6JwAuCUrvkXjfrMbPw,Misteris amb Sebastià D'Arbó
http://www.youtube.com/channel/UC_J8Tc-CmLRwYvNQtN_Wybw,Rebirth Ai
http://www.youtube.com/channel/UC_MkQaH36TXyPVIM55vn42w,Lucas Herrera Fernández
http://www.youtube.com/channel/UC_NS4MiiHAFo3CYI7fRSLtQ,The Lion Whisperer
http://www.youtube.com/channel/UC_Oa7Ph3v94om5OyxY1nPKg,Paul Davids
http://www.youtube.com/channel/UC_Rkc0yrXRL2kL541-qQX2g,D. Marble Live!
http://www.youtube.com/channel/UC_TEDbtz_YrgWf6BoBXRX-w,MetabolismoTV
http://www.youtube.com/channel/UC_XZvw2sCJWEfEiG7aTDnPA,A film by OX
http://www.youtube.com/channel/UC_YvSwzUGlcCVTGSlvDMQZQ,Rafapal
http://www.youtube.com/channel/UC_alSLqNTLW624x66BLgkHg,gizmochina
http://www.youtube.com/channel/UC_bnmEgmCN9EZ7mu4Ew2HXw,JET X 125
http://www.youtube.com/channel/UC_e8LNBO4itJmxg72vd1GdQ,Gypsy Jazz Fest
http://www.youtube.com/channel/UC_g32e3JeECjEuRbk-loywg,Free High-Quality Documentaries
http://www.youtube.com/channel/UC_gBbbD5vuBgOXiT0htjGRw,ponyno
http://www.youtube.com/channel/UC_ghFm78RhT2eg6rPIVHRVg,Esperanza Spalding
http://www.youtube.com/channel/UC_jcuOTs1Tepq_WiBiLOHRA,Superlatio
http://www.youtube.com/channel/UC_lpfConQGkRgq33QqHaUQg,Legiana Collective
http://www.youtube.com/channel/UC_xhX-lK_aV3Gs1JacenZ3g,INAH TV
http://www.youtube.com/channel/UC_yUYuKo8oqWW3O2LdUoHYQ,EmpoweredByKnowledge
http://www.youtube.com/channel/UC_ydqmzXL5ucG_O2uu3tnkg,Meanwhile in the Garage
http://www.youtube.com/channel/UCa0W6y3zXCgeFMqD9s8Bt_g,Art Room
http://www.youtube.com/channel/UCa0WGCPV8JtKb2lDgRn03nw,Cocina en familia
http://www.youtube.com/channel/UCa1gD3vtN6ggOuqwxBlsqEw,Oleandole
http://www.youtube.com/channel/UCa3rjIHi-3LjmfiEdw4GQgQ,Discovering Skills 
http://www.youtube.com/channel/UCa4U-m1eA2DdLr7QymYP8EA,FunkCity.net
http://www.youtube.com/channel/UCa5OF9Vmu7Bvtb8ZsVUU34w,Relaxing Jazz BGM
http://www.youtube.com/channel/UCa8nrd05BEQ9hGbjM6LRLXA,kaka big
http://www.youtube.com/channel/UCa9zvVnNLQREjjEs_VvTykg,龙泉刀剑直播间
http://www.youtube.com/channel/UCaC0WxuS8g3s0ybDtqpL92Q,SECRET & MYSTIC
http://www.youtube.com/channel/UCaCE5pzy49M8nQ59plgmFOA,Relax Cafe Music
http://www.youtube.com/channel/UCaFp3k8EYfrwnSQKhh9eRrA,muchachadanui
http://www.youtube.com/channel/UCaJhndFJGivu61IoUbCt1jw,Etxezarreta
http://www.youtube.com/channel/UCaR_MUwCT40UhrPS2VbINuw,Foros de la Virgen María
http://www.youtube.com/channel/UCaUJsrd3xgdxOlfpQruzRyQ,Exploring the Plane
http://www.youtube.com/channel/UCaVXltryy77hSeHZOkHcerw,CAKE MINUESA
http://www.youtube.com/channel/UCaWY39n8Ywh0Aict-bSSNhg,Electromecánica Mi Pasión
http://www.youtube.com/channel/UCaXupcZvG8NMZwbFO4vh4Tg,MisteriosOcultosTv
http://www.youtube.com/channel/UCaYU-lrmVOvAP8_5shYBFXw,Libertalya
http://www.youtube.com/channel/UCabdZbw6ASDZOmXJZeX1DFw,dingpongcrate 딩퐁크레이트
http://www.youtube.com/channel/UCacOTIUDgmURK0sVcKzaZBA,Fe 101 Channel
http://www.youtube.com/channel/UCafbylfACSrKRNW8yiieW-Q,XaviFabregas Motovlog
http://www.youtube.com/channel/UCagqv4S7VxqNClNiS5Vhonw,samdracott_farrier
http://www.youtube.com/channel/UCai-3lvKmH_AAtRCujGkliQ,Gio Vargas
http://www.youtube.com/channel/UCajXeitgFL-rb5-gXI-aG8Q,Great Big Story
http://www.youtube.com/channel/UCajxd-auKKTlIb3-u0sxzhQ,Hexstatic - Topic
http://www.youtube.com/channel/UCakgsb0w7QB0VHdnCc-OVEA,Space Videos
http://www.youtube.com/channel/UCal3PtuEE19CnB4EmIN1xXA,Jazz Club Sant Vicenç
http://www.youtube.com/channel/UCan2orv4NfutUSJaPYNwCWg,Worcester Terrariums
http://www.youtube.com/channel/UCarXuvUBU7FSrrdBPuBusIg,Channel TD
http://www.youtube.com/channel/UCau_trFHdG0ji7FCVx7oxHw,AutoZone
http://www.youtube.com/channel/UCaxW6r282iWvzJmr3BwGc-A,Auto Addiction
http://www.youtube.com/channel/UCaymvCOGWUB4kcOh0bXPZZg,Amar Chitra Katha
http://www.youtube.com/channel/UCb1t-yo7USiq1dTM_GnAKnA,Nowadays Dreams
http://www.youtube.com/channel/UCb40x1kRqrq7---i14VaA-A,Matemáticas con Juan
http://www.youtube.com/channel/UCb5YGnLgCPgNCy6yVsNiuIw,TRADtv
http://www.youtube.com/channel/UCb68gxHGcdkn3WiFraMtuLw,Ворон TV
http://www.youtube.com/channel/UCb6iUFGNe5wP_5PQZgVTktw,Sempre Arriba
http://www.youtube.com/channel/UCb7SoUvtc8ub36NkvCKcurQ,Mr - C O B R A
http://www.youtube.com/channel/UCbAlVnKhbGLK78GsSemQXxw,Top Fives
http://www.youtube.com/channel/UCbE8UebbBOekpT2urtuZ15Q,The DP Journey
http://www.youtube.com/channel/UCbJqerJ4zeGP5jtoY4RZ9gg,PLAYaudio - Smooth Jazz and more
http://www.youtube.com/channel/UCbKhjCLHjVmV9QJJLKURbdg,Rescue Animals TN Center
http://www.youtube.com/channel/UCbMISEiX4KfykNV9bn26x0w,Classical Music/ /Reference Recording
http://www.youtube.com/channel/UCbMoNqv5br2cY9k3RGaBTDA,Science into Images
http://www.youtube.com/channel/UCbMt_Yl2wJJZxnLg4rmLQtA,Club Jazz Sant Cugat
http://www.youtube.com/channel/UCbXeXFsGxgKOLqrLX2UUKfQ,Mode Metal
http://www.youtube.com/channel/UCb_y1HOC7O5l63G8a_FAq5w,Moto1Pro y EnduroPro
http://www.youtube.com/channel/UCbbaV9fAc_a5aegATkb72-g,Tierra Plana
http://www.youtube.com/channel/UCbes0y_9u8g--v_Mt8dYTuQ,Luz Arcturiana
http://www.youtube.com/channel/UCbiGcwDWZjz05njNPrJU7jA,ExplainingComputers
http://www.youtube.com/channel/UCbknk4BAgPP3BQCgYYZCI5w,Leo Vertunni
http://www.youtube.com/channel/UCbktbzup9AlD4ksBPYEzaqg,radhasia
http://www.youtube.com/channel/UCblfuW_4rakIf2h6aqANefA,Red Bull
http://www.youtube.com/channel/UCbmMpeaU_AYAsprlRkWb9Pw,FLAT OUT TRUTH 2
http://www.youtube.com/channel/UCboTk1F9UrX5GLu33vFa4sw,BeamNG Insane Crashes
http://www.youtube.com/channel/UCbq-4OJxnziD3awH-aTezeA,Real Wild
http://www.youtube.com/channel/UCbrd1vu4_7qIE6IPV_dA-OA,GENIAL
http://www.youtube.com/channel/UCbsEHtpoQxyWVibIPerXhug,KLF
http://www.youtube.com/channel/UCbvg6yQ_9JJROLPDCggzgFA,Matt's Repository
http://www.youtube.com/channel/UCbxX2rn_1iYbd9gA6PPVdwQ,Valentin Moya
http://www.youtube.com/channel/UCbyh13XGUsbp2LabxTIs6YQ,Albert Vila Bacardí 
http://www.youtube.com/channel/UCbypT5enDzdGE7cLEY19WiA,환경스페셜
http://www.youtube.com/channel/UCbzzMQ1mNKjAaDwbELsVYcQ,DirectorFeng
http://www.youtube.com/channel/UCc-ySYWDlRdOWyZLmq9_zDA,Seguidor173
http://www.youtube.com/channel/UCc0KPctILg6USaDJS6tcJgg,J&P Cycles
http://www.youtube.com/channel/UCc1ufNROdAxto9Fr0jnEE2Q,Advoko MAKES
http://www.youtube.com/channel/UCc305MShJfUuM9Bglaiz-Vg,Templo del Masaje
http://www.youtube.com/channel/UCc3rYnvMWTnPmqEtOXDOWeQ,zZounds
http://www.youtube.com/channel/UCc4sUEm6CretNnh3KPRgXOA,Pinion
http://www.youtube.com/channel/UCcBXr47HBrCsKplyw6iKf3g,MagicBox English Stories
http://www.youtube.com/channel/UCcCBrelNGfpchXKLFt8gtKg,Supercars
http://www.youtube.com/channel/UCcCoFzc8L__zlGg8IUd-G0Q,Zhen Gongfu
http://www.youtube.com/channel/UCcGFP2GRugFMOKQv_bQzelQ,Dulce Revolución
http://www.youtube.com/channel/UCcIbWnCBiJVY_7rXYHAAKKQ,Xiaowei ya
http://www.youtube.com/channel/UCcN93hWyCsO19XWfSvluxBw,Kaeru-En | Escuela de Bonsai
http://www.youtube.com/channel/UCcNyzOCKvyMBaA4iQVgO9EQ,MyBackyardBirding
http://www.youtube.com/channel/UCcOCI59Xbe3XUdyEAX5XJ4A,Fran Sisco
http://www.youtube.com/channel/UCcOh4_iym9H-q5HSHjPg4Xw,3CatCultura
http://www.youtube.com/channel/UCcR5YtoIjyrC1scx1yddR-Q,Montreux International Guitar Show 
http://www.youtube.com/channel/UCcRV5FPxxWFdS4Fjnk9FQvA,Imperial College London
http://www.youtube.com/channel/UCcRwWj4RB7Old6AUpYKI92g,The High Command
http://www.youtube.com/channel/UCcSEfg96ZhqnhjaWwqHidvg,The Doctor Motos Barcelona
http://www.youtube.com/channel/UCcUr_9FT9kFwSY_iP3Yh8Ig,eSavants
http://www.youtube.com/channel/UCcWTfr2eIdAs83iusCUTfIQ,GoPobre
http://www.youtube.com/channel/UCcX5Tqd4ChFuqmTx0VVAFwg,Chef Stefano Barbato
http://www.youtube.com/channel/UCcbibv64QSSYiKISgsMvfqg,Quantic
http://www.youtube.com/channel/UCccL81p-6FfFOu6QJo0_9cw,DUSON TV
http://www.youtube.com/channel/UCccS_OCqPo0YgaRvE9XaHLA,青云迹 Qingyunji
http://www.youtube.com/channel/UCcciZypQDEWaayMbaUntbwQ,Recetas Tradicionales de Cocina
http://www.youtube.com/channel/UCcczxc78yLO1xTo2kFjQzCw,Xiaomi Malaysia
http://www.youtube.com/channel/UCcdTPizOvid1_PtpYigYTmA,Michael Hagleitner
http://www.youtube.com/channel/UCcpMWTNmApR6R93I5m4IYIA,El Arconte
http://www.youtube.com/channel/UCctC78QXVQ0zumyDEZl4WJQ,Contacto con la Ciencia
http://www.youtube.com/channel/UCcv-EQN8Ty7Y2-ioPSRrW0g,Heinrich Garcia
http://www.youtube.com/channel/UCcv9H0mhygSd5lGYovWL6gg,RnC Fabrica
http://www.youtube.com/channel/UCd0wCW9cOB9V_UTKOtc2yhw,FAAE
http://www.youtube.com/channel/UCd1bLW6_dyiKboEIXKUm3vA,Yushi
http://www.youtube.com/channel/UCd6NHfieUf5-d-2a-wQiATQ,Spareka España
http://www.youtube.com/channel/UCd8iY-kEHtaB8qt8MH--zGw,Ferrari
http://www.youtube.com/channel/UCd8wWXk6fSa8b8WaZbpWgvg,Jamiroquai Official
http://www.youtube.com/channel/UCdAvt2f5NqD8DpJDAjFfujg,progenmedia
http://www.youtube.com/channel/UCdBMMKxl3y_9EBQpxKq2g2Q,Hierospháneia
http://www.youtube.com/channel/UCdC0LV2Qi8Rb3E-mDhq7YFg,Vervet Monkey Foundation
http://www.youtube.com/channel/UCdCand56t-muUUckJbFKVJw,Guru Of Mobile
http://www.youtube.com/channel/UCdFV3_aFRs6SjDK2pq7o1bA,Dafeiju
http://www.youtube.com/channel/UCdGjdnGZOuz8Vi4eN2_Y26w,MUNAY SUYU
http://www.youtube.com/channel/UCdId8Rl8xnUHdP-uAw1uifA,BLKTOP PROJECT - Topic
http://www.youtube.com/channel/UCdKPGAiw0WjT3IeZCkZlz1A,Detección Metálica
http://www.youtube.com/channel/UCdLB_KC7_V4RkURaQV2T7Hg,TechHarvest
http://www.youtube.com/channel/UCdQ1IHTsNBfm0v7SGX4AQug,ECTVPLAYMOTIVACIÓN
http://www.youtube.com/channel/UCdZGNOYhDdHJ8HtsLdMR88w,Manuel Bravo
http://www.youtube.com/channel/UCdc8MHGShXP2bO_a_-iwzRg,Nano Speciale
http://www.youtube.com/channel/UCddem5RlB3bQe99wyY49g0g,PeriscopeFilm
http://www.youtube.com/channel/UCde-j3TGJF7mdcigoXUAhEg,Fiona O'Brien
http://www.youtube.com/channel/UCdg74Zr6I-twCiEQ8_blykQ,La Hora de la Nostalgia
http://www.youtube.com/channel/UCdlc4DeyZh-kqqacjNteDXA,El Mundo de Slivki
http://www.youtube.com/channel/UCdld7SHk9IyYSkNrHA9B6Dw,A-YEON
http://www.youtube.com/channel/UCdlxKGwr9plOJzK6VMCE8Xg,Cine viejuno
http://www.youtube.com/channel/UCdofq4hHbT3ZDzgYUqsDd1A,biointeractive
http://www.youtube.com/channel/UCdtsClM-v-O3QTrItHWuV2A,KaderFunkyman
http://www.youtube.com/channel/UCdu8QrpJd6rdHU9fHl8J01A,Hope For Paws - Official Rescue Channel
http://www.youtube.com/channel/UCdwJqfr_TrO6_QoZDTMGZdg,Fantasy Music Studio
http://www.youtube.com/channel/UCdwPdZf0DHYkOD0gEKWnY5w,Carles Torà 
http://www.youtube.com/channel/UCdwdFOhBP9CoAOlHDTmTxaw,Un Mundo Inmenso
http://www.youtube.com/channel/UCe-m8NsROiF2cQqjXWZVwNA,Alpha Mind
http://www.youtube.com/channel/UCe3OmUXohXrXnNZSRl5Z9kA,PraveenMohan
http://www.youtube.com/channel/UCe7sQfrqTHc-hWXdenf7VxQ,Charlie Chaplin
http://www.youtube.com/channel/UCeBzHOlNuEEfomPK4g6F4mA,觉物先生
http://www.youtube.com/channel/UCeD1b7XGO0oRBCpE3FmNU4Q,Ocampo Yuka Moto Viajero
http://www.youtube.com/channel/UCeISx5db8PmEOipRQCKoV-A,WeBeauty Hair
http://www.youtube.com/channel/UCeIs38B7R65kfO6UJypB5lQ,13Lunas.NET_oficial
http://www.youtube.com/channel/UCeK10E00X1dY4e7uATg4KSA,Nuestro Amanecer: La Serie Animada
http://www.youtube.com/channel/UCeLJCiGRIZuj8N8TKJAveVA,Ricette Dolci
http://www.youtube.com/channel/UCeLc4heXqG9dtL7jiPHMBfQ,The Epoch Times
http://www.youtube.com/channel/UCeM6ecqBkybhzQuDPs1y-2w,Daniel de Bruin
http://www.youtube.com/channel/UCeM7fTLWxyxIMw9WfMSX8ww,realme India
http://www.youtube.com/channel/UCeOHuM1lEOPjKC100xOVGuw,Sahaj Video
http://www.youtube.com/channel/UCeOaeHswf5HitbuOMoPy8Iw,Ivan Ilic
http://www.youtube.com/channel/UCeQ0gr3y3F1bgUXhK6u3PEA,Catherine Ashcroft
http://www.youtube.com/channel/UCeQEKFH31vvD-InkTGSvCrA,brusspup
http://www.youtube.com/channel/UCeQf8mZkzUswAL42uQs84iA,WorldSBK
http://www.youtube.com/channel/UCeR75LNcLX_XqOvlvYgFFNw,Doctor Alexseev ES
http://www.youtube.com/channel/UCeRnhvt6bEG411oSaD9x_GQ,RedofPaw
http://www.youtube.com/channel/UCeYNoZc3flw3qGp4yBz5qFg,Steezy Skateboarding
http://www.youtube.com/channel/UCeaKRrrpWiQFJJmiuon2WoQ,Huw Richards
http://www.youtube.com/channel/UCeafoG43aYjc_Mn0g3K5lwA,Alexandros Iacovides
http://www.youtube.com/channel/UCedPzacBuNSiy_klT7Zt6Wg,Italian F4 Championship | E4 Championship 
http://www.youtube.com/channel/UCefpC5idnuIw_9HZpMbtseA,Julien LEPRETRE
http://www.youtube.com/channel/UCeiyuZljcK9iXzMAgzb9kpA,HRom
http://www.youtube.com/channel/UCejVe2sNPjjvfCXg35q_EQQ,1 Minute Animals
http://www.youtube.com/channel/UCejvU67XD7b7VO0DnAQbHtw,Mototaller AP Motos
http://www.youtube.com/channel/UCeoTqPJKNrcMVafetcp92Ew,Saligarda Jazz-Vent
http://www.youtube.com/channel/UCepI3-XDPAyYUkQKVJ0CWww,Bosch Electrodomésticos España
http://www.youtube.com/channel/UCeqACV5lmvFAl_ORuUMHM1Q,PDCirco
http://www.youtube.com/channel/UCeqX_v_uqL3bUK3WTX4nV6A,Zen Lee
http://www.youtube.com/channel/UCeql7fiedRtT0tU92Kby-Ag,Vida Salvaje Supervivencia
http://www.youtube.com/channel/UCes1EvRjcKU4sY_UEavndBw,ChrisFix
http://www.youtube.com/channel/UCewhO42h_TIKZdntpI-v39g,VICKY RECETA FACIL
http://www.youtube.com/channel/UCexs6_jWRu39a-AqVAd8qSw,DeeCast
http://www.youtube.com/channel/UCeyxXzWiHWFV_1tbaHLA9UQ,US Tesla
http://www.youtube.com/channel/UCez_H7yP9auoWeAR9AqMBkQ,RiderCamTV
http://www.youtube.com/channel/UCf0mNHxmNGzcoDrpjDGJ7RA,Escuela Náutica Navarra
http://www.youtube.com/channel/UCf3FixiLpjJWMnjWty1NAGg,EscuaDron Video
http://www.youtube.com/channel/UCf6XDhySICY8SvJCYphBsOQ,NILMOTO
http://www.youtube.com/channel/UCf7AWIFZQIEVSFt2FVdG8Wg,Lazy watchsmith
http://www.youtube.com/channel/UCf7IsRVO1L7zgjujLMi_NQA,LevinsReview
http://www.youtube.com/channel/UCf9ZbGG906ADVVtNMgctVrA,Red Bull Skateboarding
http://www.youtube.com/channel/UCfAw9Nvj4Qp9rgZ4Ek9QtYw,Luis Garcia Diaz
http://www.youtube.com/channel/UCfJGhTXptHn2dj9M79Ua2NQ,Cirque Phénix
http://www.youtube.com/channel/UCfJzIsw8tGJFIX5TFMYSbZg,VU Sessions
http://www.youtube.com/channel/UCfP6C9bT_llY13EhAfR-ekA,Clément Chèvre-Baleige
http://www.youtube.com/channel/UCfUDxKu_EQC7bcaCMguxsNw,Karma Strikes Porch
http://www.youtube.com/channel/UCfWGdQlOtFPte31Sq-Q_lmA,suomibhangra
http://www.youtube.com/channel/UCfWpcfOju6BioTnP9dVWkJQ,Deee-Lite
http://www.youtube.com/channel/UCfbGvjNBODJp3SV5TSIHz1Q,Quevedo Drums
http://www.youtube.com/channel/UCfc6HGdWEREGFVC4MnzvRGQ,JunzBass 𝄢 Backing Tracks
http://www.youtube.com/channel/UCfcHLx8kgVUo_RrpNbqJXTw,Pablo Martín Trio - Topic
http://www.youtube.com/channel/UCfcyjCP9MOfYlV6gjR9odKA,TransWorld SKATEboarding
http://www.youtube.com/channel/UCfg-EBzK5SWG1EbA_XdTMqA,空中飞人亮锅
http://www.youtube.com/channel/UCfhXltZalGU3e_jaWzmU4cA,Tommy Guerrero & Gadget - Topic
http://www.youtube.com/channel/UCfj2dhK5OfQ3WD5YxGl3FeA,Rock & Blues Café
http://www.youtube.com/channel/UCflpy-GNxlahbdRdN5CRUsA,LADbible Shorts
http://www.youtube.com/channel/UCfpM3IBAXN-ifQp-uxb5giQ,Blacktail Studio Uncut
http://www.youtube.com/channel/UCfpNV7V1aoK4DQIMR_v6eVw,まさチャンネル【バイク動画】masa-channel  
http://www.youtube.com/channel/UCfpghTrmgWu3p_kERB7Hf6A,Heard Museum
http://www.youtube.com/channel/UCfvXczqMThU6rzFCzZQzUmQ,Emma Massingale
http://www.youtube.com/channel/UCfygTE5N9IbFH67yxldUrkA,Arquitecto Calderon
http://www.youtube.com/channel/UCg35ReVbOzreuv_J9GBFrTQ,Big Animation
http://www.youtube.com/channel/UCg7pFgGDO1zMyn1fJoejoEA,Enric Corbera
http://www.youtube.com/channel/UCg8-vNzXl5YMili1t9dAIbA,YSahaj
http://www.youtube.com/channel/UCg9CfBwE6zntoAIsWTOZUww,Astrio - Topic
http://www.youtube.com/channel/UCgCGQVUsheBffsteQkcSHCw,Scabelum Consumidores
http://www.youtube.com/channel/UCgDQdJ0Cu9wrayMEi_HkpOA,Tradesouthwest
http://www.youtube.com/channel/UCgE4zZcpVOsKtWraai8nRpw,Placer Monticello
http://www.youtube.com/channel/UCgFsMipKf2xe6VTdSc9_-2A,bolsosmochilas fundasymas (NO LLEVES EQUIPAJE)
http://www.youtube.com/channel/UCgFvT6pUq9HLOvKBYERzXSQ,Davie504
http://www.youtube.com/channel/UCgGxrSYU-C5Uee965ncNsXQ,SahajaYogaInArmenia
http://www.youtube.com/channel/UCgK8Thq8i7hRhCLwGVW37QA,AaronGrooves
http://www.youtube.com/channel/UCgKkNPU2Ib7_TcyAl8M2S-w,Warner Bros. Entertainment
http://www.youtube.com/channel/UCgQ8eREJzR1dO-T5RzW9LjQ,木頭仁
http://www.youtube.com/channel/UCgTG8XMKs1jalBcifvFpvJA,Jai Shri Mataji JSM
http://www.youtube.com/channel/UCgU292fypTg4YmKD6d-dHWQ,Joe
http://www.youtube.com/channel/UCgXJ-z1YU2M7RcWcFp-hXhA,DIYeasycrafts
http://www.youtube.com/channel/UCgXfQdyg5Dw-Cm8xq9OLdKQ,Ombio Productions
http://www.youtube.com/channel/UCgYZRpMFaXycXzKmzKjmNiQ,FFD Restorations
http://www.youtube.com/channel/UCg_z7bjf2hQwMwafHhxMmNQ,Jan2030sinmiedo
http://www.youtube.com/channel/UCgaMsBJkdkNiD6RQsUa8ECA,Señora Cocinera
http://www.youtube.com/channel/UCgadj23Sa6X6HB7zG3DQs6Q,CosmoSoulOficial
http://www.youtube.com/channel/UCgdAYkEgXnyBUJ7bV0Sl3WQ,restoration tv
http://www.youtube.com/channel/UCgfrgrMEju6Z0vkIpwWxxPg,Héctor Tejedo Miniéri
http://www.youtube.com/channel/UCgiFLGoKetJTMge4dbXY7Jw,Cx Sound
http://www.youtube.com/channel/UCgjj_j5bBDHBBat6V-88ySA,BrothersJohnsonVEVO
http://www.youtube.com/channel/UCgkxVtdHaobhy5CVeF8Rsdg,God's Roadmap to the End
http://www.youtube.com/channel/UCgnfWJksC0MjSrca2qCzppA,astriomusic
http://www.youtube.com/channel/UCgpEjvpbCtfCOEDL1HTIofA,Ravenscroft
http://www.youtube.com/channel/UCgqdp0Ma5zI5TQqXQtMOaYg,TXATARRISTA (2º Canal )
http://www.youtube.com/channel/UCgtSzqR7D0-BgEFcfhrmWVA,OMA 
http://www.youtube.com/channel/UCgxvpff9NFbxaMDE5n06NPw,RETROGAMING TIME 
http://www.youtube.com/channel/UCgyl5xVlLLUZVpgfMGw-ETA,Bonobo
http://www.youtube.com/channel/UCgzJrXg7oh7lj-bMC-pzkgw,Apron
http://www.youtube.com/channel/UCh08hOXgulnpI9GDSjwUQVg,XploraTecno
http://www.youtube.com/channel/UCh1OgMIWOlDBhFEYL3DHWjQ,laSexta
http://www.youtube.com/channel/UCh2gxVwQ2StPZNNJ7t6ITdA,TEÓRICO A LA PRIMERA
http://www.youtube.com/channel/UCh3-FBw_-a9fHngqQU6uBFA,Man Cave Moto
http://www.youtube.com/channel/UCh3UXFPTciJP1luW0r6DBjg,Hulett Brothers
http://www.youtube.com/channel/UCh7nJ-ebOn7l_bIULOqE5uw,Juan Carlos Menéndez Mentor Panadería Sin Gluten 
http://www.youtube.com/channel/UCh8f8vssLddD2PbnU3Ag_Bw,Cleetus McFarland
http://www.youtube.com/channel/UChALynI6gJLXDqebHiDW-tA,gauravleo34ster
http://www.youtube.com/channel/UChJa0mxbwzKDn7hdwUoGc6A,GameSystems
http://www.youtube.com/channel/UChKkICuJGum2EOahMUL_Asg,Alvise Pérez
http://www.youtube.com/channel/UChKlSK39lLg8eZHIX0iVzLA,DIY Creators
http://www.youtube.com/channel/UChO1M97Zxw0rFYFYyJC2ByA,Sahajayoga:- The Divine World
http://www.youtube.com/channel/UChOGxLFJKNKm91za6r3pjAA,Despejando Enigmas
http://www.youtube.com/channel/UChPB6nQCNawu52L522wG2yA,Nur Para Todos Info
http://www.youtube.com/channel/UChPS-p9UX1s9WWZE7I8QzPQ,CurioStation
http://www.youtube.com/channel/UChQw3LxnibSxST6n05rs8Rg,Pt Hari Prasad Chaurasia - Topic
http://www.youtube.com/channel/UChRroKYx7U7uB3Snfj1WJKQ,Laura Fraile
http://www.youtube.com/channel/UChSZb5RRMZPuIIsimIwpy0A,Pello Garcia
http://www.youtube.com/channel/UChUHOEe7zgYmrv7a_LlpNng,Jungle Beat
http://www.youtube.com/channel/UChW8Ayctddx1JV56yrrtt4Q,Primitive Life
http://www.youtube.com/channel/UChYEBDIrGxNrL9VPSMf0crA,Bernat Font
http://www.youtube.com/channel/UChYrv1nA4-j0Pv1RBJFOQrg,d e c a ▶ t v
http://www.youtube.com/channel/UChZgikssAJkmiQOv_sO-ngQ,プロセスX
http://www.youtube.com/channel/UChdzltlbgLBpV3KbvzX89Qw,El MIRA
http://www.youtube.com/channel/UCheIJ2YOC9ixKaLtJcoKkxA,As Channel -アズチャンネル- 盆栽とカメラ
http://www.youtube.com/channel/UCheL-cUqfzUB8dfM_rFOfDQ,Jackson Galaxy
http://www.youtube.com/channel/UChehL6PYmucEHUS6g2LVFGA,The Outsider
http://www.youtube.com/channel/UChgNVTYr72t51eoLXO_UzWQ,FlatEarth101
http://www.youtube.com/channel/UCho37qLn1pa7G5dKz6mfN3A,Chris Leong - CLM Tit Tar 梁润江跌打师父
http://www.youtube.com/channel/UChsb03kH_dNRh2-wE8GkeaA,Mundo Desconhecido
http://www.youtube.com/channel/UChsi2AQGsYevEsAjHsmVsMQ,SatisFactory Process
http://www.youtube.com/channel/UChteikOXbngbJc4bU12Kw8g,Learning to Drum
http://www.youtube.com/channel/UChtpOdya2W7F0V9FrVVzQCg,A toda leche
http://www.youtube.com/channel/UChvjd1aan8bJzJJjgzZ9UNw,Nettoparts Ireland
http://www.youtube.com/channel/UChz5aEi3dfrDVC8-YJsMUDA,T-Series Kids Hut
http://www.youtube.com/channel/UCi3T_esus8Sr9I-3W5teVQQ,Volcanoverse
http://www.youtube.com/channel/UCi5UB9p1SQ_zJAEXGK_Wjxw,Decimal Z - Backup Account
http://www.youtube.com/channel/UCi6Dte1oR90lKt3hsv7dXUw,Thats Life But Not As We Know It
http://www.youtube.com/channel/UCi6HwVzHyWckVJo9odSZTlg,Renault Clio Series
http://www.youtube.com/channel/UCi7Po74NM5tPoZyBItytH-Q,The Wiseguys - Topic
http://www.youtube.com/channel/UCiBDDA-vlX53FOhBKKTh98Q,Tesla Company
http://www.youtube.com/channel/UCiDdaCDetfJBhp5o72UP4xA,Stinnett Sticks
http://www.youtube.com/channel/UCiEk4xHBbz0hZNIBBpowdYQ,jimmydiresta
http://www.youtube.com/channel/UCiLlZzFgwIe6C1lO3AdMEzQ,Montijazz Vendimia
http://www.youtube.com/channel/UCiMk6-7CeRfdg7hp-bbHmvw,Virtus Veritas
http://www.youtube.com/channel/UCiNLz-3VLW_QP0HOaXAGNoA,Jade
http://www.youtube.com/channel/UCiNc7SybMri6n5p1GKK4C0g,EL DIOS DARP
http://www.youtube.com/channel/UCiPMon-QmwV1j5dYvd6iI6g,Bruno Bernal
http://www.youtube.com/channel/UCiRf7B9voQYxkTNgtdnzSEQ,Jean Pommart
http://www.youtube.com/channel/UCiTTN6AN544lhWs8OVFfwbA,Endless
http://www.youtube.com/channel/UCiVL9W_Gau-Pa_6V--Zc2Ag,FACIL LH
http://www.youtube.com/channel/UCiWjw1ab9Bs2zW3CkHKmyQA,Comida marroquí con karima
http://www.youtube.com/channel/UCiZC4ppUa90nhv4b4-WiZ5A,elephantnews
http://www.youtube.com/channel/UCi_iKv5NXxFbplYn6KXiXRw,FamilyTime
http://www.youtube.com/channel/UCi_tatzpnSSRxTX_iog18BQ,Elijah Nang TV
http://www.youtube.com/channel/UCifmpB2ND3LAMYkVrj6wODA,Facundo Rossini
http://www.youtube.com/channel/UCiiV8stcewhoCNyiErr7GtA,야미보이 Yummyboy
http://www.youtube.com/channel/UCijG3KadwHrcI-ImLnRrOaw,CZR
http://www.youtube.com/channel/UCim-S28pdxwr3c7eE73KzQA,Deleted Programming
http://www.youtube.com/channel/UCimOR5IKca6KfhT-SnBv_lg,The Dusty Lumber Co
http://www.youtube.com/channel/UCinYd7hvT5IlAsZPVX8jN5w,Geopolymer Institute
http://www.youtube.com/channel/UCiqHMczPWF33M5MWD-52wsw,aprendsait
http://www.youtube.com/channel/UCit05VRn-PLWbvush4sYHcQ,Jain 108 Academy
http://www.youtube.com/channel/UCitjN1GDlEVcLz-fAy5VIpg,The Institute for the Study of Ancient Cultures
http://www.youtube.com/channel/UCiziM9E661ArQ17PF9f43dA,Conatus Incerta
http://www.youtube.com/channel/UCj2VShM5rrwBA3U_5quspyw,MusicaIndiaBarcelona
http://www.youtube.com/channel/UCj531-Pc8fp-C8u-BskFCRg,Sahaja Yoga Way
http://www.youtube.com/channel/UCj6GXO5BrcaY5kF6DnKJfpw,Guitar Unlocked
http://www.youtube.com/channel/UCj6VfZEQTxX8Tp2My5L9Ykw,Survival Builder
http://www.youtube.com/channel/UCj9B-Wqw0Xm6mZqtd9z7Haw,Detrás de la Razón con Roberto de la Madrid Oficial
http://www.youtube.com/channel/UCj9dq3cAIf9ppByiVJGAv2Q,Celtic Note
http://www.youtube.com/channel/UCjARXn543MfmtxGotPs0rtg,Nathan Oakley
http://www.youtube.com/channel/UCjDp9eJL9l771Kn8lUbmuSQ,The other Finnish guy (Tuomas Soikkeli)
http://www.youtube.com/channel/UCjHU3-vf6O9uz39YzY9nQPw,thePOVchannel
http://www.youtube.com/channel/UCjWWkWUW2YlbHgDTbtKEkOw,Nathan the Beach Cat
http://www.youtube.com/channel/UCjWjwD6aDJ-s8p-k-gy-vGA,SmallsLIVE
http://www.youtube.com/channel/UCjWvkXAsj46wrnT48aTn1Sg,LUCKY LUKE CASTELLANO OFICIAL
http://www.youtube.com/channel/UCjWz5wJBUvhmN64lrLPU_cA,Seven Eyes
http://www.youtube.com/channel/UCjXzyfHPS28U_prQPvQssUA,Japón Go
http://www.youtube.com/channel/UCjZHQIUm_HhopuNXVZxbcpA,Yuan Lee
http://www.youtube.com/channel/UCjeEzkwa1zT0vdY8ckWDbEQ,Turbo Tom Lancaster
http://www.youtube.com/channel/UCjgGiIcJtn-wPv0RT0SbVGA,Vm granmisterio live
http://www.youtube.com/channel/UCjhBCi2SN7qIzVon8bS66Uw,Motomecanica Kike
http://www.youtube.com/channel/UCjlQ_TVPXJFILEC7eANNGzg,Sky & Ocean
http://www.youtube.com/channel/UCjnN26vVvqxkmK2_ACXO9Hw,Sahaja Yogi
http://www.youtube.com/channel/UCjnv2xZH8SHDvLG-CnTxv_w,EuroCup-3
http://www.youtube.com/channel/UCjoFckSzE1jUM_kmtVHNlKg,Nature Soundscapes
http://www.youtube.com/channel/UCjsePbEmImOVOURwveskyiQ,Secrets of Saturn
http://www.youtube.com/channel/UCjsl5Cit8T3JzEEYFtDs-DA,Dolphin Data Lab
http://www.youtube.com/channel/UCjtZK3Vu1ofLkPL7mbyLMkw,Backyard Birds of Australia
http://www.youtube.com/channel/UCjwDXI0DWl7hQnHcCm2OiBw,deeptikatya
http://www.youtube.com/channel/UCk17OIW_sRT5LrofWsI5N_A,Noticias asombrosas
http://www.youtube.com/channel/UCk9PswI845zMloMn8kaIt1A,HCAM
http://www.youtube.com/channel/UCkAGrHCLFmlK3H2kd6isipg,Mr Bean
http://www.youtube.com/channel/UCkAg9QucjcqOdMZFt5QVKlQ,HardwarEsfera
http://www.youtube.com/channel/UCkEBDbzLyH-LbB2FgMoSMaQ,Animal Planet
http://www.youtube.com/channel/UCkEoc7oPISu2Sl_QH-ePvCg,Enigmas al Descubierto
http://www.youtube.com/channel/UCkFTglePLXy19SIk__9EWGg,Bhimseni Karyalay
http://www.youtube.com/channel/UCkG1Ln9C3yOH-TI_oFfZ8-g,Sabores y Pasiones con Mery
http://www.youtube.com/channel/UCkIy2n_i1i53HBX63UCP9Mg,whythetrick
http://www.youtube.com/channel/UCkKxKgZBYCV7fhlAEWDST2A,Profix99
http://www.youtube.com/channel/UCkLcXoeKjPnYkrAqnljkP5A,SouthAsianArtsUK
http://www.youtube.com/channel/UCkMhHws6WTViD0YwYzbwZ3w,La Revista del Sureste Mx
http://www.youtube.com/channel/UCkMqV8MfGGPMDm1fijm4KrQ,Tabla Beats By M
http://www.youtube.com/channel/UCkQEYwVkQwA19O2D0n_clFg,First Try 
http://www.youtube.com/channel/UCkXRhBtzAHHeax1ljQXMd_A,MSI HOW-TO CHANNEL
http://www.youtube.com/channel/UCkY86NdW6H4v6mvkyHIdfYA,Victoria Moradell - Escuela de Cosmética Natural
http://www.youtube.com/channel/UCkYVerz4P_kAZNbDdg2SAeg,TerraGreen
http://www.youtube.com/channel/UCkdgMB7UBSnAkQhEQwgdCqQ,Agufish
http://www.youtube.com/channel/UCke7CUOPnzp1dYwI0keZYmQ,Webz
http://www.youtube.com/channel/UCkeSrPe-U91kZ2hlyk_pDtw,cde75sy
http://www.youtube.com/channel/UCkfdOlD6uLv7iEi-N0h7uIg,Kirill Runz
http://www.youtube.com/channel/UCkfli5Lk0q_hf7-XJFBiupw,Australian Sahaja Yogis Channel
http://www.youtube.com/channel/UCkggcB4wg1ba7st3uvFCyXQ,Arte Vivo y Divertido
http://www.youtube.com/channel/UCkh31vsAn8h78woE2axwCUA,CienciaySaludNatural
http://www.youtube.com/channel/UCkhrYoK0ZF4RVVY1Ec-31UA,Futurama story
http://www.youtube.com/channel/UCkl-BZCYvixCK1RzMbFfRfA,Víctor Sanchego
http://www.youtube.com/channel/UCklSaeqb0wONcyEv44PV-iQ,The Daily Dropout
http://www.youtube.com/channel/UCktMWJGfMbWioPsCSIx3Mig,Tune n Taal
http://www.youtube.com/channel/UCkyGyPilwi6qwyGqsvznLHg,True Loves Band
http://www.youtube.com/channel/UCl-6QsLaPPurk0TWxqQXr3g,RSSdF #TIERRAPLANA
http://www.youtube.com/channel/UCl-J4WhVY8W2YdMgecaguRQ,Brico JAG
http://www.youtube.com/channel/UCl0kP-Cfe-GGic7Ilnk-u_Q,Everyday Food
http://www.youtube.com/channel/UCl0q_XqiWDMA-Q9SzUO3y-Q,Wu-Tang Clan
http://www.youtube.com/channel/UCl3x43YzlP2RyWCNpOWV2oA,Outside TV
http://www.youtube.com/channel/UCl4ADUrqVRVAUMCHBCc1f3Q,Keith Fairbairn
http://www.youtube.com/channel/UCl5GWApPtdMhxjcJDSpcNIA,Брат
http://www.youtube.com/channel/UCl5kiXVMp0gXKA0HgmcZP0g,Dario Ronchi
http://www.youtube.com/channel/UCl6TVWzNwKPQUAMPZ0Qiukg,Doğada Doğaçla
http://www.youtube.com/channel/UCl7iVDJsDYj5SQZNh81nmKw,Comidas de mamita by BM
http://www.youtube.com/channel/UCl8OxVA-Bk64oQngFCfNhvg,LA QUINTA COLUMNA
http://www.youtube.com/channel/UCl8iLddBK1MlzDY_gjJ_6RA,TheChiliGrinders Official
http://www.youtube.com/channel/UClB-c7YP6VmwSi-zbsihcMg,Marta Sarasuati
http://www.youtube.com/channel/UClIZQN9w1LRgtl_f-PkvwoQ,Chip Smith
http://www.youtube.com/channel/UClJRwGh__YDM1AY1cGLtWHA,MODUS Super Series Darts
http://www.youtube.com/channel/UClOC6mkOrK372nhgUYFgrQg,VictorVDS BricoDtodo
http://www.youtube.com/channel/UClOuC_V57_bW5sZ5yuh2IKw,Metropole Orkest
http://www.youtube.com/channel/UClPQlNkKEvSKX9ats6WmGxA,Cyclope
http://www.youtube.com/channel/UClPUrBmAAb5vD0wTEehVhjg,ATMOSH
http://www.youtube.com/channel/UClTLyl4_w1fP2L7DKESGuIw,Indialucia - Topic
http://www.youtube.com/channel/UClUsCEaF7EkbNFLBOwjCK8w,Cartoon Network India
http://www.youtube.com/channel/UClWTBNGnjXEZOtEwEp9BGTg,"Flat Earth Sun, Moon & Zodiac Clock app"
http://www.youtube.com/channel/UCl_ML_UlfGkXRIcwhiabMJQ,Marta Bolibar Ollè
http://www.youtube.com/channel/UCla2zjxkdhTK5Li_4hsKNKQ,La Luna Band
http://www.youtube.com/channel/UClaEdLrmti779-tyovta8zw,阿木爷爷 Grandpa Amu
http://www.youtube.com/channel/UClaLicKC9Flm6u4Xm9x2MdA,Animales del Mundo
http://www.youtube.com/channel/UClh2CI968a1tE8pQ31pg_Ww,Rock & Roll Hall of Fame
http://www.youtube.com/channel/UClkG_2nOcIFgadgMIv92Oyg,Michiel Hesseling
http://www.youtube.com/channel/UClnk8qNq2Jfn-DUjocYKxCw,Davie504 - Topic
http://www.youtube.com/channel/UClqHeB2ACioqEyHF1Vhx6xA,Racing bike
http://www.youtube.com/channel/UClrmd-gxwrJcfDV61DgRtqA,Conciencia 5G Canarias
http://www.youtube.com/channel/UClukAPmJjV0NGa_NpYIH8TA,Bonsai Releaf
http://www.youtube.com/channel/UClwAQe528nuURee-4ppLD1Q,The Animal Box Office
http://www.youtube.com/channel/UClwhpnmoSCtn-R5ewuNXyrA,SetEdit Official
http://www.youtube.com/channel/UCm-vnFfVXiLahAs-SBw6byg,chrisdaniellis
http://www.youtube.com/channel/UCm00usB2zrCzuH0bvV0tdlA,LIVE CAM POPOCATEPETL
http://www.youtube.com/channel/UCm4MdSCOPTj_WwKFsOIfssg,ГУСИНОЕ РАНЧО
http://www.youtube.com/channel/UCm8MIn8hq08lEf-Bi8DQKvA,Escuela del Ser
http://www.youtube.com/channel/UCmAs9drKpvdfnXSSXJIJNrw,X-TRIAL live
http://www.youtube.com/channel/UCmBx3fMOKH9w_3kzfS73DZA,Petr Herman Adventures
http://www.youtube.com/channel/UCmCOoX7E0hybWf1h7UJ4mrg,Maine Coon Kittens
http://www.youtube.com/channel/UCmDGLNF7RJflc_1H2c2GLTw,Alexandra Whittingham
http://www.youtube.com/channel/UCmDSdJGFZLGd55dlXJylAxQ,Decathlon España
http://www.youtube.com/channel/UCmEO9brk-85D49Obum6GQQQ,La Huerta de Iván
http://www.youtube.com/channel/UCmHeL7aEk-w0pSeYPdtOSNg,Biblioteca Pública Arús
http://www.youtube.com/channel/UCmKYG_no6JxwLCGzlNC3R0w,Clinica QO
http://www.youtube.com/channel/UCmO-sQljESZuH7dr1q1cNcQ,Böj Folk
http://www.youtube.com/channel/UCmOCpBKeoBPp-HwarhIBA2g,Best Documentary
http://www.youtube.com/channel/UCmOZySf570msTSLYCuMQ1LA,Divulgacion Total
http://www.youtube.com/channel/UCmPSwsooZq8an7xOLQQhAdw,Rémi GAILLARD
http://www.youtube.com/channel/UCmQ7BRucWfZuUO5Jfzs5EXw,NIRMAL PREM
http://www.youtube.com/channel/UCmSMwy5qUv2oPNVqRplExXw,Humans2.0
http://www.youtube.com/channel/UCmT69Nr6zmp4DMW3IZee6zw,The Bear Essentials
http://www.youtube.com/channel/UCm_dwri74JTCW-ll326_9eA,Dejan Krsmanovic
http://www.youtube.com/channel/UCma4vfPZKqTc8e_A2iX6AXQ,Tesla Live
http://www.youtube.com/channel/UCma7jYqikJZitb63iedy0qA,Hermanos Amor
http://www.youtube.com/channel/UCmax-xQhYpF11awwvK_aW9A,Blunt Shelter Records
http://www.youtube.com/channel/UCmcCVxfpBsl03Qy8WHkaTQg,The Gary Fong Channel
http://www.youtube.com/channel/UCmcYWorOlfYj3dG_Hi_SEWg,Televisión Consciente
http://www.youtube.com/channel/UCmdTY_MDgNqq1-Pa37m0raw,Victor de la Rosa 
http://www.youtube.com/channel/UCmdvAxEJ14EvXdASKbodj1Q,RIMBEL35
http://www.youtube.com/channel/UCmhTupnOInlhGP_5Byd2J2Q,Bonsai de la Ribera
http://www.youtube.com/channel/UCmjbOCyF2DXTd6a8H2K3W2Q,Sixto Jose Paz Wells
http://www.youtube.com/channel/UCmkkEZtKJr5CA4v4218yUHQ,Majes en Moto
http://www.youtube.com/channel/UCmlsu3V3SzIm2Jmo0S0qiMg,TechRax
http://www.youtube.com/channel/UCmn8oX1V_E14jsR4KXIbeSQ,Mindalia Televisión
http://www.youtube.com/channel/UCmx0pfcP5Ka4rP3bcss6Rcg,MicroStrategy US
http://www.youtube.com/channel/UCn2GiLuthmeJBNDKNXFZ9yA,Music Of Ireland - Ceol traidisiúnta na hÉireann
http://www.youtube.com/channel/UCn4sPeUomNGIr26bElVdDYg,NowThis Impact
http://www.youtube.com/channel/UCn9OsL0TZ4c0bo6_XPkm6xA,Andy FORZA
http://www.youtube.com/channel/UCnBPWMdWO4pIsAUNN3AkwqQ,Antonio Maeso
http://www.youtube.com/channel/UCnH1LrQs42YLOQnpdoUYvdA,Dexter Gordon - Topic
http://www.youtube.com/channel/UCnHAgYJDTUU4tOEDlEZVkOg,Derribando mentiras.
http://www.youtube.com/channel/UCnJoBJAmgihRWlyV5QgSujA,Josh Lippi
http://www.youtube.com/channel/UCnLF0VZ6y4bftHZl3lmreFA,Dr John Díaz 
http://www.youtube.com/channel/UCnMCOX6qSbTUQPyJJzRwPcg,AppliancePartsPros
http://www.youtube.com/channel/UCnNhCF-sQRvX4NUWo12x-Pw,Adorable Marmoset Monkey 
http://www.youtube.com/channel/UCnOiRr7Hkh9SxxPd_KjrkHA,Enigmas en la Historia ▬Ovnis Actuales 
http://www.youtube.com/channel/UCnOprNS7ROKtPoagTNNCC0g,Bnut Rio
http://www.youtube.com/channel/UCnR5jPCzRBFyOiLzD5Sq5dA,angel_gaitan_oficial
http://www.youtube.com/channel/UCnRYZKsKa8yq-gsmLnL0uSw, Lotus 
http://www.youtube.com/channel/UCnRwrrMKMCvcHhY5hhE3YZw,Gökmen ALTUNTAŞ
http://www.youtube.com/channel/UCnVGl6cBFlKY3wSl9AD161A,One Cyclist in Lisbon
http://www.youtube.com/channel/UCnWwiJSpGSL4H_-JFM6ViFg,Amped Electric Games
http://www.youtube.com/channel/UCnZNTMc-b2KH7O43-ctsmYQ,Spirit of Admetos
http://www.youtube.com/channel/UCn_6EFEVvfphkE_VzJLUhqg,Joan Reggae Drummer
http://www.youtube.com/channel/UCnd6HDWX-7X-v8mSWjfzpQg,YASUSHI TANIKADO
http://www.youtube.com/channel/UCneRttSIsyRkwqXn_ITD-zw,AVENTURAS DEL OESTE
http://www.youtube.com/channel/UCnh_5GJuftMVpgqBBJ3qIrQ,LA COCINA DE ENZO
http://www.youtube.com/channel/UCnipyNLDJAhZfVodknsjhSg,Crop Circles From The Air
http://www.youtube.com/channel/UCnk4UyJGgc8SaXKK1grm0jA,Fernando Malkun
http://www.youtube.com/channel/UCnl-AdNK44bpOz6F1_QfiRg,Windows X-Lite
http://www.youtube.com/channel/UCnsgMxUmnYMIqj-3SefCJvg,Misterio Documental TV
http://www.youtube.com/channel/UCnuApNyG73bkvFp-6jKV1-A,Recetas faciles de la cocina “Masito” de Masito
http://www.youtube.com/channel/UCnvweFUgzPoOQRQ7z9TfpHA,Les grandes marées de Saint-Malo - EASY RIDE
http://www.youtube.com/channel/UCnzEn9edhD6FhndtGDyIxpg,Nuri猫猫
http://www.youtube.com/channel/UCnzyslRApaATfOyDcMonjbw,Village Live
http://www.youtube.com/channel/UCo73DmpFnUXuXuBemB7EArQ,Vivi Vassileva
http://www.youtube.com/channel/UCo7NRkOfHE1psxeyqug1vNA,Arvind K Tech
http://www.youtube.com/channel/UCoAo1j-WWuTcLJ0lfH9ztZw,Casa Orlandai
http://www.youtube.com/channel/UCoBpC9J2EcbAMprw7YjC93A,The Amazing World of Gumball
http://www.youtube.com/channel/UCoC47do520os_4DBMEFGg4A,李子柒 Liziqi
http://www.youtube.com/channel/UCoCFiAWPpGClr6CEimTNtZQ,FUMIO SAITO
http://www.youtube.com/channel/UCoCKP3THQa_bXNHdcgN3gMQ,Igors Sabans
http://www.youtube.com/channel/UCoIWr9Areim2GRt8_ggMXZw,The Power of Kundalini
http://www.youtube.com/channel/UCoIkrZTUATm3QBHd94neWow,Early teachings of H.H. Shri Mataji Nirmala Devi
http://www.youtube.com/channel/UCoKdj1lKDAIKslWwBoSQBsg,The Divine Tales
http://www.youtube.com/channel/UCoMTnatSaLKRj7qHx3POqJA,ACMÉCANICA motos TV
http://www.youtube.com/channel/UCoO-cBCh3UHe87_BXDQr1BA,Friend Of Cats
http://www.youtube.com/channel/UCoQ1bnerPAwoRaHQ-6y5Eyw,Luna_the_pantera
http://www.youtube.com/channel/UCoRxNjjDWNgG9xeIqE8DbPQ,Sahaja Yoga Online Meditation
http://www.youtube.com/channel/UCoSKIDZ2cvs5o2n41donBtg,El Camarote
http://www.youtube.com/channel/UCoSlmLSprEnTz7HjmMb7HBw,TCR TV
http://www.youtube.com/channel/UCoUGHjZYqE68rjJnEKdCbog,Hermanos Barea
http://www.youtube.com/channel/UCoVEc66Ng58qG-eZNoRPVjQ,Tawan Suprani
http://www.youtube.com/channel/UCoY4A3pQ5zsYGN1W2xIvJqg,Kyle LIN
http://www.youtube.com/channel/UCoYPt6E_mUCXKM8e3ZoizCA,WOLFPACK ADVENTURES
http://www.youtube.com/channel/UCo_bUazIRSToyGlPzZlqckQ,Stefdu68
http://www.youtube.com/channel/UCobbJsnAhafgRk_QeLwfD9A,BollywoodNirvana
http://www.youtube.com/channel/UCodilImSWqt3abXYp-bNzcg,Big Bad Voodoo Daddy
http://www.youtube.com/channel/UCodmNM7iqzrQzPOPjQi3nMQ,El Grano de Mostaza
http://www.youtube.com/channel/UCofYNEXHHVylft1xnNVJqmg,nagatashachu
http://www.youtube.com/channel/UCoi-vcMPGxbZ1OVJRKWFYlg,Ernesto de Torrero Oficial
http://www.youtube.com/channel/UCoi2oY1G83bHtVe_o_Qz-yA,Misterios en la red
http://www.youtube.com/channel/UCoiIt_v1D-6z75LmrdIU2aw,Rob Skiba
http://www.youtube.com/channel/UCoie3ytrtgUCfDVN3PqxIDQ,ホッカイロレン
http://www.youtube.com/channel/UCokKv3buTGq9MoeyfMiKaOA,Sanchez Ma
http://www.youtube.com/channel/UComxV_SvK2aas58TJeFvLkw,GUILLE RODRIGUEZ
http://www.youtube.com/channel/UConeclLfpge7C3mAlbW_eLQ,chibudgielvr
http://www.youtube.com/channel/UCooKQlg-HZ0PFAPc4Ymg3RA,Electronics Repair School
http://www.youtube.com/channel/UCopC38IY9IjJYJRAijM8PSw,Victor.TwoWheels
http://www.youtube.com/channel/UCopWjPe1QbOFNf1dMs97E-w,Creventic Motorsports TV
http://www.youtube.com/channel/UCop_z_mtOeM7lRG84sk8Twg,Sarmal
http://www.youtube.com/channel/UCoqfhxaldRygu5o6Y_55f0Q,chemtrails larioja
http://www.youtube.com/channel/UCou6pqxzTSYf8t-ISPmeQQw,Be Kindness
http://www.youtube.com/channel/UCouPeqI9PDQ4kSI2lOEOLpg,Our World
http://www.youtube.com/channel/UCoxdIEOrloeN00-3KWR4ZnQ,Eric Haugen Guitar
http://www.youtube.com/channel/UCoztNJvDVc5wNJ9PFu0UCUA,Darp Gas
http://www.youtube.com/channel/UCp1iiTiwDlmczH-JrJasKfw,R472 Funk Channel TV.
http://www.youtube.com/channel/UCp2TSKgqe0IquqNxvnCnc8A,Georgeos Diaz-Montexano
http://www.youtube.com/channel/UCp2qa8w1tX_LkYBK8RrAnPg,Enrique de Vicente
http://www.youtube.com/channel/UCp3yVOm6A55nx65STpm3tXQ,Craft Computing
http://www.youtube.com/channel/UCp538Jzy_VRFHAPBjyLTqJw,Les Luthiers
http://www.youtube.com/channel/UCp68_FLety0O-n9QU6phsgw,colinfurze
http://www.youtube.com/channel/UCp8VySCny-uWO0Irr8IM5PA,Emil Urh (Homo Abraxas)
http://www.youtube.com/channel/UCpA126GxNBRxmnP2EA2uUtg,Fredrik Carlquist Music
http://www.youtube.com/channel/UCpAp3A0Xs7PbWgCeYLjWXAQ,NOSTRA TV OFICIAL
http://www.youtube.com/channel/UCpC-ML4mYCJFK7R0bfaXsfA,Antonio Portugal Alvizuri
http://www.youtube.com/channel/UCpCo32QsQDBsIhZagJS0Alw,750 Motor Club
http://www.youtube.com/channel/UCpDHvC7aaBP2s5z1RLAyKCg,Nico Evers
http://www.youtube.com/channel/UCpHaAKu74UHvcYCi2g_PvBQ,Shout! Studios
http://www.youtube.com/channel/UCpJh90Iej8jtVVMYur8770Q,Casey Driessen
http://www.youtube.com/channel/UCpL87odQKvkXjq5u5DksuDw,RECETA EN CASA
http://www.youtube.com/channel/UCpM7ggiIMv2liE5_dv-1RvQ,Laffey and Amy
http://www.youtube.com/channel/UCpMSfnlbvJiZzlVb9wYlvfw,Main Watchers
http://www.youtube.com/channel/UCpN1PW-KwiCODwMFtY5tuZg,David Ice
http://www.youtube.com/channel/UCpOpNS4mn1G84eeTqzwo3bg,Pachamama Flight
http://www.youtube.com/channel/UCpPKMOwPgpqCb2IC43-Hhyw,Lady the squirrel
http://www.youtube.com/channel/UCpQeQoQTlCX6jcoKuwGdsbQ,Nik Rahizal ( NR OFFICIAL )
http://www.youtube.com/channel/UCpSfjpd3LG7GZTl4cM4VX4Q,Santos en Moto
http://www.youtube.com/channel/UCpTMh4Dx3bKpyvcfJxTzQTw,HISTORIAS OCULTAS
http://www.youtube.com/channel/UCpZl78MKm8nDhIUAah18jIg,Centre Cívic Urgell
http://www.youtube.com/channel/UCpdhdlId-0vH47-xno0at5g,EuroFormula Open
http://www.youtube.com/channel/UCpfs-1OodiJ1edDmol0XxTg,Ayurveda María de Ezcurra
http://www.youtube.com/channel/UCph2EzXae_RcWX4tPdoOiWQ,Bonsai Empire
http://www.youtube.com/channel/UCpj0D1Bh-B4byvM3a0x0CQQ,KReport eu
http://www.youtube.com/channel/UCpmJL2sfwjnldIjbv5EMZwg,Saxophone in 20 days
http://www.youtube.com/channel/UCpmyXwkwPsZGAOvgEIksKYg,Russian Renaissance
http://www.youtube.com/channel/UCpnhE-z1xzU37HGiQAeP_Dg,Saptaswar Baithak
http://www.youtube.com/channel/UCppP270KhEyBdAoAD5sB3rA,ECAN International School of Acupuncture 
http://www.youtube.com/channel/UCpwhzGXtMOGoNtpuFl_VFsg,Petricor Duet
http://www.youtube.com/channel/UCpwm7DNT8sfkJkbykgusz2A,FLAT OUT TRUTH Terry R Eicher 
http://www.youtube.com/channel/UCpzhzlCa-QgORPIkddepgSg,𝔻𝕖𝕔𝕚𝕞𝕒𝕝 ℤ
http://www.youtube.com/channel/UCq0KAOif26MnVTL-16R1F8A,JourneyWithinUS
http://www.youtube.com/channel/UCq3Wpi10SyZkzVeS7vzB5Lw,Ichika Nito
http://www.youtube.com/channel/UCq3q-Th6A9L1_hPLKg8Xm3w,│Escuela del Conocimiento│
http://www.youtube.com/channel/UCq4iJaHYtYRvRZdtKrEHXUg,TODOLLANTASSHOP
http://www.youtube.com/channel/UCq4o0-2ANaIlNf_dPL3rjdw,Bake With Shivesh
http://www.youtube.com/channel/UCq5iMfYP9l4G9Td6K1-PhEQ,Monkey Jody
http://www.youtube.com/channel/UCq8qpfLlHpD6Xz1If2LCLeQ,G7 Studio
http://www.youtube.com/channel/UCqCakpXsuv-YKC9C8wU2XnA,Giacomo Longato
http://www.youtube.com/channel/UCqE1r42wNLWICVg7rQ00Wow,LosLuthiersDeLaWeb
http://www.youtube.com/channel/UCqHR5GfD_x_1MzenWw6vdcA,electrojungla
http://www.youtube.com/channel/UCqHlCpozbydj2usUNu4kStg,Madhu Doshi
http://www.youtube.com/channel/UCqOecsBLULnuUtls0tISTCw,Timestorm Films
http://www.youtube.com/channel/UCqQ1pp-cumqounD9JD5PVXg,Horum Art
http://www.youtube.com/channel/UCqTpCdJnnwlJcQsdP1mrltg,BazPaws
http://www.youtube.com/channel/UCqUDuYNcBaYkBgWikXvdZCw,Chick Corea
http://www.youtube.com/channel/UCqUnM8PTTzHFe29muI0Ti9A,Carlos Vico
http://www.youtube.com/channel/UCqWHvpI4P5d49DfTru1XdkA,Aakash Gupta
http://www.youtube.com/channel/UCqZ8IpRdoyQ3Qj0ogpUniAA,The Cooking Foodie
http://www.youtube.com/channel/UCqZQXbQTF6VI_i5QWFaVxSQ,Charly Sinewan
http://www.youtube.com/channel/UCqZttDDbkrrx_KkvTjNExTw,Billy Zig
http://www.youtube.com/channel/UCqcczT2KkJwxKMktHNJm2FQ,PERSIANAS DOMESTICAS S.L.
http://www.youtube.com/channel/UCqdK6GvgWFY4iP8nbTNCazA,Festival Per Amor a L'Hart
http://www.youtube.com/channel/UCqeRhjBka1VC6CfWIVCRW5A,Christian McBride
http://www.youtube.com/channel/UCqffGhR5RyG2uy2SptDhU7g,Cosmos HD
http://www.youtube.com/channel/UCqjHW3sIVWspvEw9yRW_Hcw,JTolan Media1
http://www.youtube.com/channel/UCqmZAnQR0Tvp9-OP_kqiPDw,Cie. Kilombo
http://www.youtube.com/channel/UCqmlwZYhkJFc2GaV7LYv9Cg,Alejandro Aguanta - Guitarist
http://www.youtube.com/channel/UCqpfTUv8XcXZCLzJT0bEkEg,At Your Lotus Feet Shri Mataji
http://www.youtube.com/channel/UCqr1jTSQ8AQ__EB7AJW_kLg,Veda Education
http://www.youtube.com/channel/UCqrhnmFdY6OLLkpKzcAcIkg,sahajayogi
http://www.youtube.com/channel/UCqsfYbDGedJdOFBaEp2jAOA,Lúnasa - Topic
http://www.youtube.com/channel/UCqxlXuUjgn6QkIQRdQQuJKw,Conservatori Municipal de Música de Barcelona
http://www.youtube.com/channel/UCqzB9Ks5H939XLuSuVLuPVw,Nicolas Bras
http://www.youtube.com/channel/UCr3zTCXeB9WbTLe2LQTixkQ,Wow Things
http://www.youtube.com/channel/UCr5qeBG9g7bGtMGyHG2GzbQ,Absolute History
http://www.youtube.com/channel/UCr79-QZv1_VGlxVWLc28xrQ,Foreigner
http://www.youtube.com/channel/UCr9H_csUKehbQALhn9KNriA,ATOMS
http://www.youtube.com/channel/UCr9pgyrGrZbFODm9RHWfR6g,Postureo Survivalero
http://www.youtube.com/channel/UCrCEln9HtJvw5TDIDli1Rwg,FIA Formula Regional European Championship
http://www.youtube.com/channel/UCrF2jThUvJ0HSMz2EZjioAA,TRO - Topic
http://www.youtube.com/channel/UCrI1sOpZWp5vsewI07AL7Ig,Vishwa Nirmala Dharma
http://www.youtube.com/channel/UCrL4HtiKWddH-9jkMXgudEA,SurferToday
http://www.youtube.com/channel/UCrPgfkd8jZIbZGZn1dJ4_7Q,Isa por ahí
http://www.youtube.com/channel/UCrVbPd7krmGbdPHgS_gyvvA,Vu Ngoc Son
http://www.youtube.com/channel/UCrXdoX84wmDJj6aOQjaZ3Kw,Ashkhen.Gevorkian
http://www.youtube.com/channel/UCrdOhcBWFhE16C9dJAQ3bBw,Sherpa Aventuras
http://www.youtube.com/channel/UCrdZeRlAa6Z6FjtoTQ5tQvQ,Lamparas y Stops BQ
http://www.youtube.com/channel/UCrf4_6Lei2offtlQA-kikvg,Top Carduelis
http://www.youtube.com/channel/UCrjOhN6rQEmKDeOwQ-K6qeg,Enrique Costa Vercher
http://www.youtube.com/channel/UCrkKFOvjmimcv18Fvt2ux5Q,Live Ryu
http://www.youtube.com/channel/UCrnbT_nd9Dvg87PXefx7pQA,TV UNAM
http://www.youtube.com/channel/UCrrG7mvA6j0Z6oGwRgLayVw,Qigong Meditation
http://www.youtube.com/channel/UCrsyaKpK5efWIupVzhbRvvg,RUAN SHOW
http://www.youtube.com/channel/UCry_ibpylnE2eqjREqszFsA,Hingaflips
http://www.youtube.com/channel/UCs-i-OgJaRat1M0lCqviF2w,Green Gold Kids
http://www.youtube.com/channel/UCs03Aybos7OYjoNadcBDtGw,Indian Music ART
http://www.youtube.com/channel/UCs2Xfykq6ONapqI6TFKNyOg,ChooChoo's Story
http://www.youtube.com/channel/UCs4Q6HpOzXTov4nIKAcifHA,Drew Davies
http://www.youtube.com/channel/UCs5Xl6fL6c4USxyEDSv-PXQ,PawMeow
http://www.youtube.com/channel/UCs5p0UEIoYmUrm6fnYpqHfg,My Knight and Me Official
http://www.youtube.com/channel/UCs5tfiI0NfIycmFdGFsa-jw,Venkat Tallapragada
http://www.youtube.com/channel/UCs6L6-RfgLw0EC6zlpnIdxA,MoMTvGAMES
http://www.youtube.com/channel/UCs6UkEBKY8ukBTXRvKSLm3Q,Zoológico de Cali
http://www.youtube.com/channel/UCsA0T5K9n2Un_KER5fuF6-Q,Real Skate Stories
http://www.youtube.com/channel/UCsCTIIDJjBhp3B_G8_eby3g,The Truth Seekers of Norway
http://www.youtube.com/channel/UCsDqjNr_ClaVozGC7x2mPqg, جيو-اكشن JEO Action
http://www.youtube.com/channel/UCsGo9I3BWUGW8-dUi1RXeyQ,ErConre
http://www.youtube.com/channel/UCsJxFtvgmHleI01KKw5lKhw,泸州阿波
http://www.youtube.com/channel/UCsM5LZOSuhydo3qztRlFsew,Загородный
http://www.youtube.com/channel/UCsMpjOUqn7pExBdJpaHCeMg,aramco
http://www.youtube.com/channel/UCsNYa4My20Ok64kOyxhyhQg,olivenite96
http://www.youtube.com/channel/UCsNi3yBwjL9KspadEnzRVdw,Jashn-e-Rekhta
http://www.youtube.com/channel/UCsRND2OeQMxLgNfBCq8O7SA,SE ACABO LA FIESTA
http://www.youtube.com/channel/UCsRxJTPlNxTVNP2O9Bi8LiQ,LUIS ESTÉVEZ BIOLOGíA Y GEOLOGíA
http://www.youtube.com/channel/UCsT0YIqwnpJCM-mx7-gSA4Q,TEDx Talks
http://www.youtube.com/channel/UCsToVujppm3Ma0NG6h6Ht2A,Robindro Musica
http://www.youtube.com/channel/UCsXDivUNanYBWgXv9lRZjBw,Primitive Technology Idea
http://www.youtube.com/channel/UCscI4NOggNSN-Si5QgErNCw,Ancient Architects
http://www.youtube.com/channel/UCsleWOYEkZAtJQOBSzv-pgg,Pure Joy Records
http://www.youtube.com/channel/UCsq1QWIVRzTSsK18vx7-YLQ,DIRECTO C5TV
http://www.youtube.com/channel/UCsxlF68A6nRUYC9xnt6vHdQ,STYX
http://www.youtube.com/channel/UCt16NSYjauKclK67LCXvQyA,ThrasherMagazine
http://www.youtube.com/channel/UCt2HZgNN6ycWlaOMpnoZFcw,ABC do Bonsai
http://www.youtube.com/channel/UCt3BVsy_0bBT11KZ_wF5F9Q,Paul's POV
http://www.youtube.com/channel/UCt3XHY0g_fA-tvIo2h2C3vQ,Learning Sahajayoga
http://www.youtube.com/channel/UCt68TUNYKUWTzMDER6-UGvQ,Avtar Shree Mata Ji
http://www.youtube.com/channel/UCtETY0lDNxJCci8U0NXF4cg,Noestoydebroma
http://www.youtube.com/channel/UCtGH5HNXoQ43uOwOIKzcuAg,1000 Petals
http://www.youtube.com/channel/UCtIPziDMrsvDsRnx3UNd8kw,Tana Chernova
http://www.youtube.com/channel/UCtJZJG_XoP2kOlhbonI_m9g,Honda Guy
http://www.youtube.com/channel/UCtMsD1HuIBLdn0C1y85z10Q,MusicCultureArt
http://www.youtube.com/channel/UCtOKsPQeiW6HLXTQukDnN9A,Alto y Claro TV
http://www.youtube.com/channel/UCtPBueYpVotUM-0f1ywl16Q,Consciencia COLECTIVA TV 11:11
http://www.youtube.com/channel/UCtPgY9jvqd7CgUUvg6PVFQQ,Paul Pavan Keetley
http://www.youtube.com/channel/UCtQS6Gi1M_PE9gIi8mHxikw,Excerpts of H.H. Shri Mataji Nirmala Devi
http://www.youtube.com/channel/UCtTQGVVVXWLkpm_Z0_dk-pQ,Flo Plus
http://www.youtube.com/channel/UCtTq_MTX_VdyZk2aclXakCQ,Yoshimura Shoji Drum school 吉村昇治 ドラムスクール
http://www.youtube.com/channel/UCtW7Hjql_y1tJn3LbhN_ogw,Cloud beatbox
http://www.youtube.com/channel/UCtWuB1D_E3mcyYThA9iKggQ,Vulf
http://www.youtube.com/channel/UCtXKddsQv6rrJ7tUUpZz-og,SO-SO
http://www.youtube.com/channel/UCtZ-NR6mtwRGRR48AtrYLjg,Nico - Ride Me Five
http://www.youtube.com/channel/UCt_yQ2pbZ4Rk5vU7yLmiNcw,britishsuperbike
http://www.youtube.com/channel/UCtbbztqRa9sDOxpiSCGQuhQ,ElectronFun.com
http://www.youtube.com/channel/UCtdiJdnFyJFMTr6Xo0Tsa5A,JANETT MIRANDA VALERA
http://www.youtube.com/channel/UCth6n_FHj9XBqGNuuVgcizA, Animals_Home
http://www.youtube.com/channel/UCtiqR84v9Qmbe-wcUpcvx0Q,andrea terenzi
http://www.youtube.com/channel/UCtjgRRyfRtlTv4H-MmYlubw,s3riesly
http://www.youtube.com/channel/UCtkHUKbbv46nOGlDwTKg0uA,Antonio Gonzalezmayo
http://www.youtube.com/channel/UCtklNRYj1YXhWIL5LvGVNcg,SelfRealization KundaliniAwakening
http://www.youtube.com/channel/UCtkmmFIbSo9jWsi4rCkkLyA,The Melting Pot
http://www.youtube.com/channel/UCtluyjkRASBkaZnBxNJ9uAA,MotoRepair
http://www.youtube.com/channel/UCtmY49Zn4l0RMJnTWfV7Wsg,Jacob Collier
http://www.youtube.com/channel/UCtoU7cQPzDlK-RifwrMEllA,THE HINDU SAGA
http://www.youtube.com/channel/UCu-l_Ue3CUUs44u2B8n06Lg,Moto Fusion
http://www.youtube.com/channel/UCu3bHgv5-KFMvHsIJ5zV3bA,Kamal P.
http://www.youtube.com/channel/UCu40UrQqMbKSSEO6aPFkzDQ,The Kate Awakening
http://www.youtube.com/channel/UCu5RZLnpd4OC5CrmsgdHsxw,GPX Cambodia Official
http://www.youtube.com/channel/UCu7KATkeZgmyvPB3g7woFeA,GPX Service
http://www.youtube.com/channel/UCu8DLw8lIyYfLI2kv2ip-AQ,Jayling - Ohio Skies
http://www.youtube.com/channel/UCu8lvaSxDVWB5sLu-ovw1Ig,The BRSCC
http://www.youtube.com/channel/UCuAiW236nsjQdcR2gwhgd0w,Skywatch Media News
http://www.youtube.com/channel/UCuCs2HkI9TIodk2dyd6PE0w,International Sahaja Public School
http://www.youtube.com/channel/UCuDFt8_IAzaOeafMnpXudZQ,diorama111
http://www.youtube.com/channel/UCuDl3i_O9EqPhD3XSLZxiZw,SOURABH RHYTHM
http://www.youtube.com/channel/UCuHYrtkrvb71r8-QNXuoLAQ,うさぎ村Ch
http://www.youtube.com/channel/UCuHw2rRanMS5ruFzlIS0lyA,fills monkey
http://www.youtube.com/channel/UCuJi8p7AFKU8-6CMKbDwhQA,Diverso
http://www.youtube.com/channel/UCuKBb--0F0qT_deSpMLsFRA,Emmet Cohen
http://www.youtube.com/channel/UCuL3MIalSPimzoqPvuQKB1w,devotionalzone
http://www.youtube.com/channel/UCuOJKwI3EWPRXhBKGJjNKAA,Bump2Soul
http://www.youtube.com/channel/UCuSZUuRMLzOP0I6ItdA6uAQ,Our BMX
http://www.youtube.com/channel/UCucNB6GOncGkTMB55ZrjYvg,Recetas de Esbieta
http://www.youtube.com/channel/UCuftdXePz6z73Wsg8Ao5lTg,ODD TV
http://www.youtube.com/channel/UCui0k2lZsmIS2lL3Sjo64Eg,Amanda Ventura
http://www.youtube.com/channel/UCum-1ZnV71hqeaklguRUoqQ,Taha Kelemboi
http://www.youtube.com/channel/UCuoFay4RgXTstakS4HLrybg,TribalNeed
http://www.youtube.com/channel/UCuy20QT7kmThd7ZkY0G7DZg,MotoBasic - Bike Review & Japan Police Bike Skills
http://www.youtube.com/channel/UCuz0AziVwPgwcuXXsVp14ng,Bricomania
http://www.youtube.com/channel/UCv0R5T2xkjGfk9UR90iZG1A,Turner Classic Movies
http://www.youtube.com/channel/UCv3mh2P-q3UCtR9-2q8B-ZA,The Urban Rescue Ranch
http://www.youtube.com/channel/UCv50vqaNYubTfuOvvH1cuAg,Cha Dabin
http://www.youtube.com/channel/UCvBTvE6aC4ObV4S2xzrVx9g,De Tranquis
http://www.youtube.com/channel/UCvDI2Sa4BxjJG6a9366hDAg,Old Peru Replicas
http://www.youtube.com/channel/UCvDkDpwXSGPb35BUkjm37Tw,KING of the WILD
http://www.youtube.com/channel/UCvMbmVrFpVoytArQnaJMbMQ,Jet Black Crayon - Topic
http://www.youtube.com/channel/UCvQcgQDoEP8gN1q5fTl-USA,Exponiendo la verdad
http://www.youtube.com/channel/UCvUoQAKq9H8fTE5kwljv3kA,GPS Essentials
http://www.youtube.com/channel/UCvV3iTIfRB8JtqAIiMvpojw,CiViC
http://www.youtube.com/channel/UCvYyScd6puFxMdU5lhisCJQ,Eidur Motovlogs (Eidur7)
http://www.youtube.com/channel/UCvcRjligvIY74YEjhAp32gQ,William Blake Fellowship
http://www.youtube.com/channel/UCvcpMDOzSwIhr6tWWQBgFnA,Ramiro Vergaz
http://www.youtube.com/channel/UCvj7SQyJWRx0D2TOVL_a_uQ,Nick Matlin
http://www.youtube.com/channel/UCvjQspKi-QSAbH2xFPMXRtA,Flock Finger Lakes
http://www.youtube.com/channel/UCvlBxzsiVjykUcKW9OxN8kg,Sarah Lezito
http://www.youtube.com/channel/UCvmCsIuJJT9PgHR0-Bvf0tw,Revelacion Humana
http://www.youtube.com/channel/UCvnAqCQ7NbyukrOVXoHAvfQ,X-Aviation
http://www.youtube.com/channel/UCvvn23xq1TBgq-XqK-D1OtQ,Small Bore Touring
http://www.youtube.com/channel/UCw58YrAucjFRrQ1xhwBjXXg,Sebastian Lopez Orfebre
http://www.youtube.com/channel/UCw9vszH63b1Ee_IeLr9Ja6Q,ReichDi
http://www.youtube.com/channel/UCwArIhDqDRyMq9GE4CCKaew,Farah Fersi 
http://www.youtube.com/channel/UCwB-j5hqJe7zHVFnN6ewNhA,Rincón Práctico
http://www.youtube.com/channel/UCwC_6BwJWfM6bp1F-rl2GTw,SHARE MY DAILY
http://www.youtube.com/channel/UCwEnd2hQeHHsJ3dAwFIHcAA,P-yes 11
http://www.youtube.com/channel/UCwHXvcDc0dLAXhr3ZV2KmXA,Videoteca Mágica - Archivo Carlos Devanti
http://www.youtube.com/channel/UCwKq447rYMVI5dAQWMmFnfg,DTM
http://www.youtube.com/channel/UCwMGwPe6qW99O4iifloo02A,El Rincón de Cabra
http://www.youtube.com/channel/UCwMjr5HocO6S363x_-jzsmA,Daniele Tartaglia
http://www.youtube.com/channel/UCwNhxZR8rblp3bnlk4-3aAg,Glassblowing with Grant Garmezy
http://www.youtube.com/channel/UCwNit481qrGklhyNttKuLDQ,Red Agartha
http://www.youtube.com/channel/UCwONpjNpD6ZqHUzT8Df_RYA,Moritz Barcelona
http://www.youtube.com/channel/UCwSjarbV_dxVqQVIowXD-YA,Pro Tech City
http://www.youtube.com/channel/UCwYQXYfPHTZKANHzBHdYo2w,ANATOLY
http://www.youtube.com/channel/UCw_RjsC04YQuoVCMi_hisnQ,Sergey322
http://www.youtube.com/channel/UCwaSUQxKw71ACoMb4djq7Eg,Inner Peace Day
http://www.youtube.com/channel/UCwd-d8SL3BInlmrgCnFDvhQ,Hawk vs Wolf Clips
http://www.youtube.com/channel/UCwffSP9kO8pMZVr1Ugqvbzw,HTX Studio
http://www.youtube.com/channel/UCwg6_F2hDHYrqbNSGjmar4w,Animalogic
http://www.youtube.com/channel/UCwhEDa4h1WcMZDHsprvmrVA,ilovefreesoftwareTV
http://www.youtube.com/channel/UCwiRFcstDPKaCiOTXuoFhrQ,Porsche Cup Brasil
http://www.youtube.com/channel/UCwlB2tQRY0nurkiwOEvTlHA,Loudbee Music
http://www.youtube.com/channel/UCwlnFJ4_SlJbVNQ0iye8CqQ,Lucas Brar
http://www.youtube.com/channel/UCwmZiChSryoWQCZMIQezgTg,BBC Earth
http://www.youtube.com/channel/UCwn0jaGbgMkYioOWBzMog1Q,Gumbal
http://www.youtube.com/channel/UCwpfuE8mL7oUy5_Nc1-9UFA,SANISHOW
http://www.youtube.com/channel/UCwy5Iza8GxfNK5OKkI9-Ucg,NaturalSlim®
http://www.youtube.com/channel/UCx1EOy6k8iqiMikuF7AVluQ,No sabria decirte ❗
http://www.youtube.com/channel/UCx2uJwwk-VbxDeH-omCHDuQ,Music Today
http://www.youtube.com/channel/UCx6IHN9Bav-VqGGIu75K_Xw,BigBoyzToyz 
http://www.youtube.com/channel/UCx9JiwPgJHy4cMThY4nmQmA,Dani Connor Wild
http://www.youtube.com/channel/UCx9ZIOyB0eRMnDqYvz5xbXA,LA RAZA OLVIDADA
http://www.youtube.com/channel/UCxBZkGSBUK8JotV9bB0e2sA,Black Note Club
http://www.youtube.com/channel/UCxCJtrLyEqBKn1f01cn0ElQ,SahajaYoga Aaj ka MahaYoga
http://www.youtube.com/channel/UCxF4mtL-bLR_UoCg6zEuVNg,PBS 106.7FM
http://www.youtube.com/channel/UCxFt75OIIvoN4AaL7lJxtTg,X Games
http://www.youtube.com/channel/UCxGin_qxbd6kFFSfYkZKu2g,"Flat Earth, Banjo, USA, Japan and Brazil"
http://www.youtube.com/channel/UCxJKvzlM3E6onZ26_NklNKw,Lidia Rico
http://www.youtube.com/channel/UCxK75O0kn0vIukzRrKZ4rfA,Poty Ambienturas
http://www.youtube.com/channel/UCxNDM5ZhvDa_Z1qTUap7IRw,BattleBots
http://www.youtube.com/channel/UCxQ7O75INoRvnYEa40eSOZg,Juna Serita
http://www.youtube.com/channel/UCxRzGBgvy1Wt7LBbPUN8YcQ,ocenaudio
http://www.youtube.com/channel/UCxSPg6DMm7EkwOSDTMi_dyQ,Luis Pérez
http://www.youtube.com/channel/UCxV4YE1afCgAkSbEUcNkLww,THE SILENT RIDDLE
http://www.youtube.com/channel/UCxcnsr1R5Ge_fbTu5ajt8DQ,Bob Ross
http://www.youtube.com/channel/UCxfREHOkAsO28llenpSqVzw,Yola Albalat
http://www.youtube.com/channel/UCxk36jQ_nZsLPbeMEXI4mvw,Nagesh D Rao
http://www.youtube.com/channel/UCxkm9D06rAC3R5AwImTGEyQ,Rock In The 904
http://www.youtube.com/channel/UCxkrk1mvcIZkE01cSvNh0UA,Stonehenge Dronescapes
http://www.youtube.com/channel/UCxl8nJk5713yJZNRM7czXvQ,Energy Motos 
http://www.youtube.com/channel/UCxlJbwqDHRDE0Ga0cGPLYSA,Motivación con Propósito. 
http://www.youtube.com/channel/UCxniEuC-EvoxkGwUzy17KuQ,Clasijazz
http://www.youtube.com/channel/UCxo8ooAqXiObjuaIy10ud0A,Beyond Science
http://www.youtube.com/channel/UCxrOgEVrJ9RxjQgdi-dYltg,YASUHIRO TV
http://www.youtube.com/channel/UCxvKjZULX_IShllUJPVsECQ,AMETLLER ORIGEN
http://www.youtube.com/channel/UCxwWUF4NiXO6KZlQD0zcu2g,El Nuevo Amanecer
http://www.youtube.com/channel/UCxx0ReNWbSzYrdi-KHxf5ew,sweet bread
http://www.youtube.com/channel/UCxx5Oz3kQJ82rTENqvTcDpA,LastBush Survival
http://www.youtube.com/channel/UCy518FPgiIiZcR52-T0xamA,Lotus Sahaja yoga
http://www.youtube.com/channel/UCy5XQCefFjIMEyWpZ2CczMg,Elisenda Julià
http://www.youtube.com/channel/UCy6x94iBZFPWZlcU8KZRm6w,Shri Mataji Advanced knowledge
http://www.youtube.com/channel/UCy9DpgTF0FK-t4wtX5lct6A,Tucumán Jazz
http://www.youtube.com/channel/UCyCSog40eVVrY8_Kc8h3VlA,George del garaje
http://www.youtube.com/channel/UCyEXxLI1mQ4TCt8rR3mwOUA,Mitch's Scooter Stuff
http://www.youtube.com/channel/UCyHm_oQNYkp4d956K6gsE8g,www.laboneinside.com
http://www.youtube.com/channel/UCyIqcxz-vR_o2GK4HWuZL8w,CatPusic Team
http://www.youtube.com/channel/UCyXdo6FhBBz275Z4RwZMBGg,Param Chaitanya Foundation
http://www.youtube.com/channel/UCyZR5OfKC6sQ6fKHDzlruNw,Herons Bonsai
http://www.youtube.com/channel/UCy_fpRL6le-23nGwphh09sQ,Ancient World History
http://www.youtube.com/channel/UCycDFnpMeWzaITQSD1dWsOA,Cult Cinema Classics
http://www.youtube.com/channel/UCyfDR-amnX2BCl19V-O5jlQ,SPANNER RASH
http://www.youtube.com/channel/UCyfZleh4w7buTzi0WfY8WqA,Latest Sightings
http://www.youtube.com/channel/UCyiN3p7jid5JrRcREtEPjpg,El Resolutivo
http://www.youtube.com/channel/UCyjO7anJEDWD2MWLaWUlDFg,Two Ten Tech
http://www.youtube.com/channel/UCyl2DNBxmjkzVrd1Nhqluug,Oliver Ibáñez
http://www.youtube.com/channel/UCyn_ltTmDHIpI23KHT0ocMg,2610
http://www.youtube.com/channel/UCyxoIfqo5OvBPst7yXyWKwg,El Gran PREICANO
http://www.youtube.com/channel/UCyyOM9JA5eGSe5VwGaKyjng,Stunt Freaks Team
http://www.youtube.com/channel/UCz-7A1fCO59ehk6Zm0XSFSw,Will Wilde
http://www.youtube.com/channel/UCz1qD0tSODW_US3_kz_zqTw,Patrulla Ciudadana Barcelona
http://www.youtube.com/channel/UCz2BbywXgCxZcpAiXPlKT4Q,Glass Beams
http://www.youtube.com/channel/UCz2RMMEv5CNrOKJhs7BvLpw,We Love Animals
http://www.youtube.com/channel/UCz6s_ScG0PZThdwhKsUFSRw,DITRH
http://www.youtube.com/channel/UCzAmaNBfVxFVzwhrNbnW8Tw,VIOLONISTUL
http://www.youtube.com/channel/UCzDHTVhThC_VIT7kTchIQAg,Cuddle Buddies
http://www.youtube.com/channel/UCzEGz6K_usQ0NpMuePt0oxg,碰碰彭碰彭Jingxuan
http://www.youtube.com/channel/UCzH5n3Ih5kgQoiDAQt2FwLw,LifebyMikeG
http://www.youtube.com/channel/UCzHlkk2DgnV2wx4_MDHPoKA,Sahaja Yoga Scandinavia
http://www.youtube.com/channel/UCzJ3kkKqvzmws_8LUlGZc4g,Josep Guijarro
http://www.youtube.com/channel/UCzKOfRtncpY0d99kAsfz9gA,Deividcat
http://www.youtube.com/channel/UCzL2Zg3ac1V_5AqBPcNHfEw,Wild She Goes
http://www.youtube.com/channel/UCzQ3Gt01s8gOP0aNRw8t6tQ,CrashFest
http://www.youtube.com/channel/UCzQNvCiZtLMvCqyZMX6D9Gg,Laura Cox
http://www.youtube.com/channel/UCzTi9I3zApECTkukkMOpEEA,Antonio Sarosi
http://www.youtube.com/channel/UCzW1r6IO7r8C2RPLZrD5lwA,TvAgro
http://www.youtube.com/channel/UCzX4xWaEKY22D7KQTEm65Kg,ADBHUT MYSTERY
http://www.youtube.com/channel/UCz_3Gl2AE6JXQMRBDRfupEg,Tu rincón de tecnología y proyectos DIY
http://www.youtube.com/channel/UCz_cPU8mjoveseNrasZ91rg,Adorable Paws
http://www.youtube.com/channel/UCzgUc_EaBp2-u-zEvTC6P0g,Swissbeatbox
http://www.youtube.com/channel/UCzgkpehSWuFTQx9E8NkBqzw,Kevin Parry
http://www.youtube.com/channel/UCzhGFixUeWVrRshE2GD3SfQ,Chill Pe Vinil
http://www.youtube.com/channel/UCzhhFQOwrpKkAOzWNAnuQ4Q,Brothers Garage
http://www.youtube.com/channel/UCzhknrio1M76XOm-jQOvHtg,Harold Saive
http://www.youtube.com/channel/UCzhnLFTmTH7ePhcXnSUxYpA,Hyun-Bin Park
http://www.youtube.com/channel/UCzjGGngZr1OStb9hbuctb5Q,Secretaría de Cultura de México
http://www.youtube.com/channel/UCzjKYaPyncKsSKARvauLkiQ,Planeta Electronico - Carlos Enrique Martin Suarez
http://www.youtube.com/channel/UCzkwd76QabxHPE3bo00cRFg,Insólita Experiencia
http://www.youtube.com/channel/UCzkzpJOi3XsN_PxA_RDsrLg,DONDEVAMOS JM
http://www.youtube.com/channel/UCzoA8gzYub0fJqz4BAs9RiQ,Cocina Halal
http://www.youtube.com/channel/UCzrfY3_uMY6p4qCguEkEDUg,Ruth Amarilis Rodríguez Sotomayor
http://www.youtube.com/channel/UCzs-WpYagm1VLrdDz8NH0vA,Embarra2 Aventura Offroad
http://www.youtube.com/channel/UCzzX6cJ8E4C9L87PSHOweGA,travelmoto
